TRATTA_ID;MOTIVO_NO;STATO_AUTORIZZAZIONE;STATO_NULLAOSTA;STATO_ORDINANZA;PROTOCOLLO_AUT;PRATICA;LAVORABILE;STATO_LEGENDA;CAMPO AWS
TR_0001;Manca autorizzazione;IN ATTESA;IN ATTESA;NON NECESSARIO;;;NO;IN ATTESA;NOT STARTED
TR_0103;Manca autorizz | Manca nulla osta;PROTOCOLLATO;INVIATO;NON NECESSARIO;13/05/2026;AUT/24/1A | NO/22/1A | NO/26/1A | NO/28/1A;NO;PROTOCOLLATO;ON GOING
TR_0002;Manca autorizzazione;IN ATTESA;IN ATTESA;NON NECESSARIO;;;NO;IN ATTESA;NOT STARTED
TR_0004;Manca autorizzazione;IN ATTESA;IN ATTESA;NON NECESSARIO;;;NO;IN ATTESA;NOT STARTED
TR_0005;Manca autorizzazione;IN ATTESA;IN ATTESA;NON NECESSARIO;;;NO;IN ATTESA;NOT STARTED
TR_0006;Manca autorizzazione;IN ATTESA;IN ATTESA;NON NECESSARIO;;;NO;IN ATTESA;NOT STARTED
TR_0007;Manca autorizzazione;IN ATTESA;IN ATTESA;NON NECESSARIO;;;NO;IN ATTESA;NOT STARTED
TR_0008;Manca autorizzazione;IN ATTESA;IN ATTESA;NON NECESSARIO;;;NO;IN ATTESA;NOT STARTED
TR_0009;Manca autorizzazione;IN ATTESA;IN ATTESA;NON NECESSARIO;;;NO;IN ATTESA;NOT STARTED
TR_0010;Manca autorizzazione;IN ATTESA;IN ATTESA;NON NECESSARIO;;;NO;IN ATTESA;NOT STARTED
TR_0011;Manca autorizzazione;IN ATTESA;IN ATTESA;NON NECESSARIO;;;NO;IN ATTESA;NOT STARTED
TR_0012;Manca autorizzazione;IN ATTESA;IN ATTESA;NON NECESSARIO;;;NO;IN ATTESA;NOT STARTED
TR_0013;Manca autorizzazione;IN ATTESA;IN ATTESA;NON NECESSARIO;;;NO;IN ATTESA;NOT STARTED
TR_0014;Manca autorizzazione;IN ATTESA;IN ATTESA;NON NECESSARIO;;;NO;IN ATTESA;NOT STARTED
TR_0016;Manca autorizzazione;IN ATTESA;IN ATTESA;NON NECESSARIO;;;NO;IN ATTESA;NOT STARTED
TR_0017;Manca autorizzazione;IN ATTESA;IN ATTESA;NON NECESSARIO;;;NO;IN ATTESA;NOT STARTED
TR_0018;Manca autorizzazione;IN ATTESA;IN ATTESA;NON NECESSARIO;;;NO;IN ATTESA;NOT STARTED
TR_0019;Manca autorizzazione;IN ATTESA;IN ATTESA;NON NECESSARIO;;;NO;IN ATTESA;NOT STARTED
TR_0020;Manca autorizzazione;IN ATTESA;IN ATTESA;NON NECESSARIO;;;NO;IN ATTESA;NOT STARTED
TR_0023;Manca autorizzazione;IN ATTESA;IN ATTESA;NON NECESSARIO;;;NO;IN ATTESA;NOT STARTED
TR_0024;Manca autorizzazione;IN ATTESA;IN ATTESA;NON NECESSARIO;;;NO;IN ATTESA;NOT STARTED
TR_0025;Manca autorizzazione;IN ATTESA;IN ATTESA;NON NECESSARIO;;;NO;IN ATTESA;NOT STARTED
TR_0026;Manca autorizzazione;IN ATTESA;IN ATTESA;NON NECESSARIO;;;NO;IN ATTESA;NOT STARTED
TR_0027;Manca autorizzazione;IN ATTESA;IN ATTESA;NON NECESSARIO;;;NO;IN ATTESA;NOT STARTED
TR_0028;Manca autorizzazione;IN ATTESA;IN ATTESA;NON NECESSARIO;;;NO;IN ATTESA;NOT STARTED
TR_0030;Manca autorizzazione;IN ATTESA;IN ATTESA;NON NECESSARIO;;;NO;IN ATTESA;NOT STARTED
TR_0032;Manca autorizzazione;IN ATTESA;IN ATTESA;NON NECESSARIO;;;NO;IN ATTESA;NOT STARTED
TR_0033;Manca autorizzazione;IN ATTESA;IN ATTESA;NON NECESSARIO;;;NO;IN ATTESA;NOT STARTED
TR_0034;Manca autorizzazione;IN ATTESA;IN ATTESA;NON NECESSARIO;;;NO;IN ATTESA;NOT STARTED
TR_0035;Manca autorizzazione;IN ATTESA;IN ATTESA;NON NECESSARIO;;;NO;IN ATTESA;NOT STARTED
TR_0036;Manca autorizzazione;IN ATTESA;IN ATTESA;NON NECESSARIO;;;NO;IN ATTESA;NOT STARTED
TR_0037;Manca autorizzazione;IN ATTESA;IN ATTESA;NON NECESSARIO;;;NO;IN ATTESA;NOT STARTED
TR_0038;Manca autorizzazione;IN ATTESA;IN ATTESA;NON NECESSARIO;;;NO;IN ATTESA;NOT STARTED
TR_0039;Manca autorizzazione;IN ATTESA;IN ATTESA;NON NECESSARIO;;;NO;IN ATTESA;NOT STARTED
TR_0040;Manca autorizzazione;IN ATTESA;IN ATTESA;NON NECESSARIO;;;NO;IN ATTESA;NOT STARTED
TR_0043;Manca autorizzazione;IN ATTESA;IN ATTESA;NON NECESSARIO;;;NO;IN ATTESA;NOT STARTED
TR_0044;Manca autorizzazione;IN ATTESA;IN ATTESA;NON NECESSARIO;;;NO;IN ATTESA;NOT STARTED
TR_0045;Manca autorizzazione;IN ATTESA;IN ATTESA;NON NECESSARIO;;;NO;IN ATTESA;NOT STARTED
TR_0046;Manca autorizzazione;IN ATTESA;IN ATTESA;NON NECESSARIO;;;NO;IN ATTESA;NOT STARTED
TR_0048;Manca autorizzazione;IN ATTESA;IN ATTESA;NON NECESSARIO;;;NO;IN ATTESA;NOT STARTED
TR_0050;Manca autorizzazione;IN ATTESA;IN ATTESA;NON NECESSARIO;;;NO;IN ATTESA;NOT STARTED
TR_0051;Manca autorizzazione;IN ATTESA;IN ATTESA;NON NECESSARIO;;;NO;IN ATTESA;NOT STARTED
TR_0054;Manca autorizzazione;IN ATTESA;IN ATTESA;NON NECESSARIO;;;NO;IN ATTESA;NOT STARTED
TR_0056;Manca autorizzazione;IN ATTESA;IN ATTESA;NON NECESSARIO;;;NO;IN ATTESA;NOT STARTED
TR_0063;Manca autorizzazione;IN ATTESA;IN ATTESA;NON NECESSARIO;;;NO;IN ATTESA;NOT STARTED
TR_0064;Manca autorizzazione;IN ATTESA;IN ATTESA;NON NECESSARIO;;;NO;IN ATTESA;NOT STARTED
TR_0069;Manca autorizzazione;IN ATTESA;IN ATTESA;NON NECESSARIO;;;NO;IN ATTESA;NOT STARTED
TR_0070;Manca autorizzazione;IN ATTESA;IN ATTESA;NON NECESSARIO;;;NO;IN ATTESA;NOT STARTED
TR_0071;Manca autorizzazione;IN ATTESA;IN ATTESA;NON NECESSARIO;;;NO;IN ATTESA;NOT STARTED
TR_0073;Manca autorizzazione;IN ATTESA;IN ATTESA;NON NECESSARIO;;;NO;IN ATTESA;NOT STARTED
TR_0074;Manca autorizzazione;IN ATTESA;IN ATTESA;NON NECESSARIO;;;NO;IN ATTESA;NOT STARTED
TR_0075;Manca autorizzazione;IN ATTESA;IN ATTESA;NON NECESSARIO;;;NO;IN ATTESA;NOT STARTED
TR_0077;Manca autorizzazione;IN ATTESA;IN ATTESA;NON NECESSARIO;;;NO;IN ATTESA;NOT STARTED
TR_0078;Manca autorizzazione;IN ATTESA;IN ATTESA;NON NECESSARIO;;;NO;IN ATTESA;NOT STARTED
TR_0084;Manca autorizzazione;IN ATTESA;IN ATTESA;NON NECESSARIO;;;NO;IN ATTESA;NOT STARTED
TR_0085;Manca autorizzazione;IN ATTESA;IN ATTESA;NON NECESSARIO;;;NO;IN ATTESA;NOT STARTED
TR_0086;Manca autorizzazione;IN ATTESA;IN ATTESA;NON NECESSARIO;;;NO;IN ATTESA;NOT STARTED
TR_0087;Manca autorizzazione;IN ATTESA;IN ATTESA;NON NECESSARIO;;;NO;IN ATTESA;NOT STARTED
TR_0088;Manca autorizzazione;IN ATTESA;IN ATTESA;NON NECESSARIO;;;NO;IN ATTESA;NOT STARTED
TR_0089;Manca autorizzazione;IN ATTESA;IN ATTESA;NON NECESSARIO;;;NO;IN ATTESA;NOT STARTED
TR_0090;Manca autorizzazione;IN ATTESA;IN ATTESA;NON NECESSARIO;;;NO;IN ATTESA;NOT STARTED
TR_0091;Manca autorizzazione;IN ATTESA;IN ATTESA;NON NECESSARIO;;;NO;IN ATTESA;NOT STARTED
TR_0092;Manca autorizzazione;IN ATTESA;IN ATTESA;NON NECESSARIO;;;NO;IN ATTESA;NOT STARTED
TR_0093;Manca autorizzazione;IN ATTESA;IN ATTESA;NON NECESSARIO;;;NO;IN ATTESA;NOT STARTED
TR_0094;Manca autorizzazione;IN ATTESA;IN ATTESA;NON NECESSARIO;;;NO;IN ATTESA;NOT STARTED
TR_0095;Manca autorizzazione;IN ATTESA;IN ATTESA;NON NECESSARIO;;;NO;IN ATTESA;NOT STARTED
TR_0096;Manca autorizzazione;IN ATTESA;IN ATTESA;NON NECESSARIO;;;NO;IN ATTESA;NOT STARTED
TR_0097;Manca autorizzazione;IN ATTESA;IN ATTESA;NON NECESSARIO;;;NO;IN ATTESA;NOT STARTED
TR_0098;Manca autorizzazione;IN ATTESA;IN ATTESA;NON NECESSARIO;;;NO;IN ATTESA;NOT STARTED
TR_0099;Manca autorizzazione;IN ATTESA;IN ATTESA;NON NECESSARIO;;;NO;IN ATTESA;NOT STARTED
TR_0100;Manca autorizzazione;IN ATTESA;IN ATTESA;NON NECESSARIO;;;NO;IN ATTESA;NOT STARTED
TR_0101;Manca autorizzazione;IN ATTESA;IN ATTESA;NON NECESSARIO;;;NO;IN ATTESA;NOT STARTED
TR_0102;Manca autorizzazione;IN ATTESA;IN ATTESA;NON NECESSARIO;;;NO;IN ATTESA;NOT STARTED
TR_0104;Manca autorizzazione;IN ATTESA;IN ATTESA;NON NECESSARIO;;;NO;IN ATTESA;NOT STARTED
TR_0105;Manca autorizzazione;IN ATTESA;IN ATTESA;NON NECESSARIO;;;NO;IN ATTESA;NOT STARTED
TR_0106;Manca autorizzazione;IN ATTESA;IN ATTESA;NON NECESSARIO;;;NO;IN ATTESA;NOT STARTED
TR_0107;Manca autorizzazione;IN ATTESA;IN ATTESA;NON NECESSARIO;;;NO;IN ATTESA;NOT STARTED
TR_0108;Manca autorizzazione;IN ATTESA;IN ATTESA;NON NECESSARIO;;;NO;IN ATTESA;NOT STARTED
TR_0109;Manca autorizzazione;IN ATTESA;IN ATTESA;NON NECESSARIO;;;NO;IN ATTESA;NOT STARTED
TR_0110;Manca autorizzazione;IN ATTESA;IN ATTESA;NON NECESSARIO;;;NO;IN ATTESA;NOT STARTED
TR_0111;Manca autorizzazione;IN ATTESA;IN ATTESA;NON NECESSARIO;;;NO;IN ATTESA;NOT STARTED
TR_0112;Manca autorizzazione;IN ATTESA;IN ATTESA;NON NECESSARIO;;;NO;IN ATTESA;NOT STARTED
TR_0113;Manca autorizzazione;IN ATTESA;IN ATTESA;NON NECESSARIO;;;NO;IN ATTESA;NOT STARTED
TR_0114;Manca autorizzazione;IN ATTESA;IN ATTESA;NON NECESSARIO;;;NO;IN ATTESA;NOT STARTED
TR_0116;Manca autorizzazione;IN ATTESA;IN ATTESA;NON NECESSARIO;;;NO;IN ATTESA;NOT STARTED
TR_0117;Manca autorizzazione;IN ATTESA;IN ATTESA;NON NECESSARIO;;;NO;IN ATTESA;NOT STARTED
TR_0118;Manca autorizzazione;IN ATTESA;IN ATTESA;NON NECESSARIO;;;NO;IN ATTESA;NOT STARTED
TR_0119;Manca autorizzazione;IN ATTESA;IN ATTESA;NON NECESSARIO;;;NO;IN ATTESA;NOT STARTED
TR_0120;Manca autorizzazione;IN ATTESA;IN ATTESA;NON NECESSARIO;;;NO;IN ATTESA;NOT STARTED
TR_0121;Manca autorizzazione;IN ATTESA;IN ATTESA;NON NECESSARIO;;;NO;IN ATTESA;NOT STARTED
TR_0122;Manca autorizzazione;IN ATTESA;IN ATTESA;NON NECESSARIO;;;NO;IN ATTESA;NOT STARTED
TR_0123;Manca autorizzazione;IN ATTESA;IN ATTESA;NON NECESSARIO;;;NO;IN ATTESA;NOT STARTED
TR_0124;Manca autorizzazione;IN ATTESA;IN ATTESA;NON NECESSARIO;;;NO;IN ATTESA;NOT STARTED
TR_0125;Manca autorizzazione;IN ATTESA;IN ATTESA;NON NECESSARIO;;;NO;IN ATTESA;NOT STARTED
TR_0126;Manca autorizzazione;IN ATTESA;IN ATTESA;NON NECESSARIO;;;NO;IN ATTESA;NOT STARTED
TR_0127;Manca autorizzazione;IN ATTESA;IN ATTESA;NON NECESSARIO;;;NO;IN ATTESA;NOT STARTED
TR_0128;Manca autorizzazione;IN ATTESA;IN ATTESA;NON NECESSARIO;;;NO;IN ATTESA;NOT STARTED
TR_0129;Manca autorizzazione;IN ATTESA;IN ATTESA;NON NECESSARIO;;;NO;IN ATTESA;NOT STARTED
TR_0130;Manca autorizzazione;IN ATTESA;IN ATTESA;NON NECESSARIO;;;NO;IN ATTESA;NOT STARTED
TR_0131;Manca autorizzazione;IN ATTESA;IN ATTESA;NON NECESSARIO;;;NO;IN ATTESA;NOT STARTED
TR_0133;Manca autorizzazione;IN ATTESA;IN ATTESA;NON NECESSARIO;;;NO;IN ATTESA;NOT STARTED
TR_0134;Manca autorizzazione;IN ATTESA;IN ATTESA;NON NECESSARIO;;;NO;IN ATTESA;NOT STARTED
TR_0135;Manca autorizzazione;IN ATTESA;IN ATTESA;NON NECESSARIO;;;NO;IN ATTESA;NOT STARTED
TR_0136;Manca autorizzazione;IN ATTESA;IN ATTESA;NON NECESSARIO;;;NO;IN ATTESA;NOT STARTED
TR_0137;Manca autorizzazione;IN ATTESA;IN ATTESA;NON NECESSARIO;;;NO;IN ATTESA;NOT STARTED
TR_0138;Manca autorizzazione;IN ATTESA;IN ATTESA;NON NECESSARIO;;;NO;IN ATTESA;NOT STARTED
TR_0139;Manca autorizzazione;IN ATTESA;IN ATTESA;NON NECESSARIO;;;NO;IN ATTESA;NOT STARTED
TR_0140;Manca autorizzazione;IN ATTESA;IN ATTESA;NON NECESSARIO;;;NO;IN ATTESA;NOT STARTED
TR_0141;Manca autorizzazione;IN ATTESA;IN ATTESA;NON NECESSARIO;;;NO;IN ATTESA;NOT STARTED
TR_0142;Manca autorizzazione;IN ATTESA;IN ATTESA;NON NECESSARIO;;;NO;IN ATTESA;NOT STARTED
TR_0143;Manca autorizzazione;IN ATTESA;IN ATTESA;NON NECESSARIO;;;NO;IN ATTESA;NOT STARTED
TR_0144;Manca autorizzazione;IN ATTESA;IN ATTESA;NON NECESSARIO;;;NO;IN ATTESA;NOT STARTED
TR_0145;Manca autorizzazione;IN ATTESA;IN ATTESA;NON NECESSARIO;;;NO;IN ATTESA;NOT STARTED
TR_0146;Manca autorizzazione;IN ATTESA;IN ATTESA;NON NECESSARIO;;;NO;IN ATTESA;NOT STARTED
TR_0147;Manca autorizzazione;IN ATTESA;IN ATTESA;NON NECESSARIO;;;NO;IN ATTESA;NOT STARTED
TR_0148;Manca autorizzazione;IN ATTESA;IN ATTESA;NON NECESSARIO;;;NO;IN ATTESA;NOT STARTED
TR_0149;Manca autorizzazione;IN ATTESA;IN ATTESA;NON NECESSARIO;;;NO;IN ATTESA;NOT STARTED
TR_0150;Manca autorizzazione;IN ATTESA;IN ATTESA;NON NECESSARIO;;;NO;IN ATTESA;NOT STARTED
TR_0151;Manca autorizzazione;IN ATTESA;IN ATTESA;NON NECESSARIO;;;NO;IN ATTESA;NOT STARTED
TR_0152;Manca autorizzazione;IN ATTESA;IN ATTESA;NON NECESSARIO;;;NO;IN ATTESA;NOT STARTED
TR_0153;Manca autorizzazione;IN ATTESA;IN ATTESA;NON NECESSARIO;;;NO;IN ATTESA;NOT STARTED
TR_0154;Manca autorizzazione;IN ATTESA;IN ATTESA;NON NECESSARIO;;;NO;IN ATTESA;NOT STARTED
TR_0155;Manca autorizzazione;IN ATTESA;IN ATTESA;NON NECESSARIO;;;NO;IN ATTESA;NOT STARTED
TR_0156;Manca autorizzazione;IN ATTESA;IN ATTESA;NON NECESSARIO;;;NO;IN ATTESA;NOT STARTED
TR_0157;Manca autorizzazione;IN ATTESA;IN ATTESA;NON NECESSARIO;;;NO;IN ATTESA;NOT STARTED
TR_0158;Manca autorizzazione;IN ATTESA;IN ATTESA;NON NECESSARIO;;;NO;IN ATTESA;NOT STARTED
TR_0159;Manca autorizzazione;IN ATTESA;IN ATTESA;NON NECESSARIO;;;NO;IN ATTESA;NOT STARTED
TR_0160;Manca autorizzazione;IN ATTESA;IN ATTESA;NON NECESSARIO;;;NO;IN ATTESA;NOT STARTED
TR_0161;Manca autorizzazione;IN ATTESA;IN ATTESA;NON NECESSARIO;;;NO;IN ATTESA;NOT STARTED
TR_0162;Manca autorizzazione;IN ATTESA;IN ATTESA;NON NECESSARIO;;;NO;IN ATTESA;NOT STARTED
TR_0164;Manca autorizzazione;IN ATTESA;IN ATTESA;NON NECESSARIO;;;NO;IN ATTESA;NOT STARTED
TR_0168;Manca autorizzazione;IN ATTESA;IN ATTESA;NON NECESSARIO;;;NO;IN ATTESA;NOT STARTED
TR_0169;Manca autorizzazione;IN ATTESA;IN ATTESA;NON NECESSARIO;;;NO;IN ATTESA;NOT STARTED
TR_0172;Manca autorizzazione;IN ATTESA;IN ATTESA;NON NECESSARIO;;;NO;IN ATTESA;NOT STARTED
TR_0173;Manca autorizzazione;IN ATTESA;IN ATTESA;NON NECESSARIO;;;NO;IN ATTESA;NOT STARTED
TR_0174;Manca autorizzazione;IN ATTESA;IN ATTESA;NON NECESSARIO;;;NO;IN ATTESA;NOT STARTED
TR_0175;Manca autorizzazione;IN ATTESA;IN ATTESA;NON NECESSARIO;;;NO;IN ATTESA;NOT STARTED
TR_0176;Manca autorizzazione;IN ATTESA;IN ATTESA;NON NECESSARIO;;;NO;IN ATTESA;NOT STARTED
TR_0177;Manca autorizzazione;IN ATTESA;IN ATTESA;NON NECESSARIO;;;NO;IN ATTESA;NOT STARTED
TR_0178;Manca autorizzazione;IN ATTESA;IN ATTESA;NON NECESSARIO;;;NO;IN ATTESA;NOT STARTED
TR_0179;Manca autorizzazione;IN ATTESA;IN ATTESA;NON NECESSARIO;;;NO;IN ATTESA;NOT STARTED
TR_0180;Manca autorizzazione;IN ATTESA;IN ATTESA;NON NECESSARIO;;;NO;IN ATTESA;NOT STARTED
TR_0182;Manca autorizzazione;IN ATTESA;IN ATTESA;NON NECESSARIO;;;NO;IN ATTESA;NOT STARTED
TR_0183;Manca autorizzazione;IN ATTESA;IN ATTESA;NON NECESSARIO;;;NO;IN ATTESA;NOT STARTED
TR_0184;Manca autorizzazione;IN ATTESA;IN ATTESA;NON NECESSARIO;;;NO;IN ATTESA;NOT STARTED
TR_0185;Manca autorizzazione;IN ATTESA;IN ATTESA;NON NECESSARIO;;;NO;IN ATTESA;NOT STARTED
TR_0186;Manca autorizzazione;IN ATTESA;IN ATTESA;NON NECESSARIO;;;NO;IN ATTESA;NOT STARTED
TR_0187;Manca autorizzazione;IN ATTESA;IN ATTESA;NON NECESSARIO;;;NO;IN ATTESA;NOT STARTED
TR_0188;Manca autorizzazione;IN ATTESA;IN ATTESA;NON NECESSARIO;;;NO;IN ATTESA;NOT STARTED
TR_0190;Manca autorizzazione;IN ATTESA;IN ATTESA;NON NECESSARIO;;;NO;IN ATTESA;NOT STARTED
TR_0194;Manca autorizzazione;IN ATTESA;IN ATTESA;NON NECESSARIO;;;NO;IN ATTESA;NOT STARTED
TR_0196;Manca autorizzazione;IN ATTESA;IN ATTESA;NON NECESSARIO;;;NO;IN ATTESA;NOT STARTED
TR_0197;Manca autorizzazione;IN ATTESA;IN ATTESA;NON NECESSARIO;;;NO;IN ATTESA;NOT STARTED
TR_0198;Manca autorizzazione;IN ATTESA;IN ATTESA;NON NECESSARIO;;;NO;IN ATTESA;NOT STARTED
TR_0199;Manca autorizzazione;IN ATTESA;IN ATTESA;NON NECESSARIO;;;NO;IN ATTESA;NOT STARTED
TR_0200;Manca autorizzazione;IN ATTESA;IN ATTESA;NON NECESSARIO;;;NO;IN ATTESA;NOT STARTED
TR_0202;Manca autorizzazione;IN ATTESA;IN ATTESA;NON NECESSARIO;;;NO;IN ATTESA;NOT STARTED
TR_0203;Manca autorizzazione;IN ATTESA;IN ATTESA;NON NECESSARIO;;;NO;IN ATTESA;NOT STARTED
TR_0204;Manca autorizzazione;IN ATTESA;IN ATTESA;NON NECESSARIO;;;NO;IN ATTESA;NOT STARTED
TR_0205;Manca autorizzazione;IN ATTESA;IN ATTESA;NON NECESSARIO;;;NO;IN ATTESA;NOT STARTED
TR_0206;Manca autorizzazione;IN ATTESA;IN ATTESA;NON NECESSARIO;;;NO;IN ATTESA;NOT STARTED
TR_0207;Manca autorizzazione;IN ATTESA;IN ATTESA;NON NECESSARIO;;;NO;IN ATTESA;NOT STARTED
TR_0208;Manca autorizzazione;IN ATTESA;IN ATTESA;NON NECESSARIO;;;NO;IN ATTESA;NOT STARTED
TR_0214;Manca autorizzazione;IN ATTESA;IN ATTESA;NON NECESSARIO;;;NO;IN ATTESA;NOT STARTED
TR_0215;Manca autorizzazione;IN ATTESA;IN ATTESA;NON NECESSARIO;;;NO;IN ATTESA;NOT STARTED
TR_0216;Manca autorizzazione;IN ATTESA;IN ATTESA;NON NECESSARIO;;;NO;IN ATTESA;NOT STARTED
TR_0217;Manca autorizzazione;IN ATTESA;IN ATTESA;NON NECESSARIO;;;NO;IN ATTESA;NOT STARTED
TR_0218;Manca autorizzazione;IN ATTESA;IN ATTESA;NON NECESSARIO;;;NO;IN ATTESA;NOT STARTED
TR_0219;Manca autorizzazione;IN ATTESA;IN ATTESA;NON NECESSARIO;;;NO;IN ATTESA;NOT STARTED
TR_0220;Manca autorizzazione;IN ATTESA;IN ATTESA;NON NECESSARIO;;;NO;IN ATTESA;NOT STARTED
TR_0221;Manca autorizzazione;IN ATTESA;IN ATTESA;NON NECESSARIO;;;NO;IN ATTESA;NOT STARTED
TR_0222;Manca autorizzazione;IN ATTESA;IN ATTESA;NON NECESSARIO;;;NO;IN ATTESA;NOT STARTED
TR_0223;Manca autorizz;PROTOCOLLATO;NON NECESSARIO;NON NECESSARIO;27/03/2026;AUT/23/1A;NO;PROTOCOLLATO;ON GOING
TR_0224;Manca autorizz;PROTOCOLLATO INTEGRAZIONE;NON NECESSARIO;IN ATTESA;05/03/2026;AUT/1/1B;NO;PROTOCOLLATO INTEGRAZIONE;DENIED
TR_0227;Manca autorizz;PROTOCOLLATO INTEGRAZIONE;NON NECESSARIO;NON NECESSARIO;17/03/2026;AUT/4/2A | AUT/11/2A;NO;PROTOCOLLATO INTEGRAZIONE;ON GOING
TR_0227;Manca autorizz;PROTOCOLLATO INTEGRAZIONE;NON NECESSARIO;NON NECESSARIO;27/04/2026;AUT/4/2A | AUT/11/2A;NO;PROTOCOLLATO INTEGRAZIONE;ON GOING
TR_0228;Manca autorizz;PROTOCOLLATO;NON NECESSARIO;NON NECESSARIO;27/03/2026;AUT/23/1A;NO;PROTOCOLLATO;ON GOING
TR_0229;Manca autorizzazione;IN ATTESA;IN ATTESA;NON NECESSARIO;;;NO;IN ATTESA;NOT STARTED
TR_0230;Manca autorizzazione;IN ATTESA;IN ATTESA;NON NECESSARIO;;;NO;IN ATTESA;NOT STARTED
TR_0231;Manca autorizzazione;IN ATTESA;IN ATTESA;NON NECESSARIO;;;NO;IN ATTESA;NOT STARTED
TR_0232;Manca autorizzazione;IN ATTESA;IN ATTESA;NON NECESSARIO;;;NO;IN ATTESA;NOT STARTED
TR_0233;Manca autorizzazione;IN ATTESA;IN ATTESA;NON NECESSARIO;;;NO;IN ATTESA;NOT STARTED
TR_0234;Manca autorizzazione;IN ATTESA;IN ATTESA;NON NECESSARIO;;;NO;IN ATTESA;NOT STARTED
TR_0235;Manca autorizzazione;IN ATTESA;IN ATTESA;NON NECESSARIO;;;NO;IN ATTESA;NOT STARTED
TR_0236;Manca autorizzazione;IN ATTESA;IN ATTESA;NON NECESSARIO;;;NO;IN ATTESA;NOT STARTED
TR_0237;Manca autorizzazione;IN ATTESA;IN ATTESA;NON NECESSARIO;;;NO;IN ATTESA;NOT STARTED
TR_0241;Manca autorizzazione;IN ATTESA;IN ATTESA;NON NECESSARIO;;;NO;IN ATTESA;NOT STARTED
TR_0244;Manca autorizzazione;IN ATTESA;IN ATTESA;NON NECESSARIO;;;NO;IN ATTESA;NOT STARTED
TR_0245;Manca autorizzazione;IN ATTESA;IN ATTESA;NON NECESSARIO;;;NO;IN ATTESA;NOT STARTED
TR_0246;Manca autorizzazione;IN ATTESA;IN ATTESA;NON NECESSARIO;;;NO;IN ATTESA;NOT STARTED
TR_0252;Manca autorizzazione;IN ATTESA;IN ATTESA;NON NECESSARIO;;;NO;IN ATTESA;NOT STARTED
TR_0255;Manca autorizzazione;IN ATTESA;IN ATTESA;NON NECESSARIO;;;NO;IN ATTESA;NOT STARTED
TR_0256;Manca autorizzazione;IN ATTESA;IN ATTESA;NON NECESSARIO;;;NO;IN ATTESA;NOT STARTED
TR_0257;Manca autorizzazione;IN ATTESA;IN ATTESA;NON NECESSARIO;;;NO;IN ATTESA;NOT STARTED
TR_0258;Manca autorizzazione;IN ATTESA;IN ATTESA;NON NECESSARIO;;;NO;IN ATTESA;NOT STARTED
TR_0259;Manca autorizzazione;IN ATTESA;IN ATTESA;NON NECESSARIO;;;NO;IN ATTESA;NOT STARTED
TR_0260;Manca autorizzazione;IN ATTESA;IN ATTESA;NON NECESSARIO;;;NO;IN ATTESA;NOT STARTED
TR_0261;Manca autorizzazione;IN ATTESA;IN ATTESA;NON NECESSARIO;;;NO;IN ATTESA;NOT STARTED
TR_0262;Manca autorizzazione;IN ATTESA;IN ATTESA;NON NECESSARIO;;;NO;IN ATTESA;NOT STARTED
TR_0263;Manca autorizzazione;IN ATTESA;IN ATTESA;NON NECESSARIO;;;NO;IN ATTESA;NOT STARTED
TR_0264;Manca autorizzazione;IN ATTESA;IN ATTESA;NON NECESSARIO;;;NO;IN ATTESA;NOT STARTED
TR_0268;Manca autorizzazione;IN ATTESA;IN ATTESA;NON NECESSARIO;;;NO;IN ATTESA;NOT STARTED
TR_0270;Manca autorizzazione;IN ATTESA;IN ATTESA;NON NECESSARIO;;;NO;IN ATTESA;NOT STARTED
TR_0271;Manca autorizzazione;IN ATTESA;IN ATTESA;NON NECESSARIO;;;NO;IN ATTESA;NOT STARTED
TR_0272;Manca autorizzazione;IN ATTESA;IN ATTESA;NON NECESSARIO;;;NO;IN ATTESA;NOT STARTED
TR_0273;Manca autorizzazione;IN ATTESA;IN ATTESA;NON NECESSARIO;;;NO;IN ATTESA;NOT STARTED
TR_0274;Manca autorizzazione;IN ATTESA;IN ATTESA;NON NECESSARIO;;;NO;IN ATTESA;NOT STARTED
TR_0275;Manca autorizzazione;IN ATTESA;IN ATTESA;NON NECESSARIO;;;NO;IN ATTESA;NOT STARTED
TR_0276;Manca autorizzazione;IN ATTESA;IN ATTESA;NON NECESSARIO;;;NO;IN ATTESA;NOT STARTED
TR_0278;Manca autorizzazione;IN ATTESA;IN ATTESA;NON NECESSARIO;;;NO;IN ATTESA;NOT STARTED
TR_0279;Manca autorizzazione;IN ATTESA;IN ATTESA;NON NECESSARIO;;;NO;IN ATTESA;NOT STARTED
TR_0280;Manca autorizzazione;IN ATTESA;IN ATTESA;NON NECESSARIO;;;NO;IN ATTESA;NOT STARTED
TR_0281;Manca autorizzazione;IN ATTESA;IN ATTESA;NON NECESSARIO;;;NO;IN ATTESA;NOT STARTED
TR_0282;Manca autorizzazione;IN ATTESA;IN ATTESA;NON NECESSARIO;;;NO;IN ATTESA;NOT STARTED
TR_0283;Manca autorizzazione;IN ATTESA;IN ATTESA;NON NECESSARIO;;;NO;IN ATTESA;NOT STARTED
TR_0284;Manca autorizzazione;IN ATTESA;IN ATTESA;NON NECESSARIO;;;NO;IN ATTESA;NOT STARTED
TR_0285;Manca autorizzazione;IN ATTESA;IN ATTESA;NON NECESSARIO;;;NO;IN ATTESA;NOT STARTED
TR_0287;Manca autorizzazione;IN ATTESA;IN ATTESA;NON NECESSARIO;;;NO;IN ATTESA;NOT STARTED
TR_0288;Manca autorizzazione;IN ATTESA;IN ATTESA;NON NECESSARIO;;;NO;IN ATTESA;NOT STARTED
TR_0289;Manca autorizzazione;IN ATTESA;IN ATTESA;NON NECESSARIO;;;NO;IN ATTESA;NOT STARTED
TR_0290;Manca autorizzazione;IN ATTESA;IN ATTESA;NON NECESSARIO;;;NO;IN ATTESA;NOT STARTED
TR_0294;Manca autorizzazione;IN ATTESA;IN ATTESA;NON NECESSARIO;;;NO;IN ATTESA;NOT STARTED
TR_0295;Manca autorizzazione;IN ATTESA;IN ATTESA;NON NECESSARIO;;;NO;IN ATTESA;NOT STARTED
TR_0296;Manca autorizzazione;IN ATTESA;IN ATTESA;NON NECESSARIO;;;NO;IN ATTESA;NOT STARTED
TR_0297;Manca autorizzazione;IN ATTESA;IN ATTESA;NON NECESSARIO;;;NO;IN ATTESA;NOT STARTED
TR_0298;Manca autorizzazione;IN ATTESA;IN ATTESA;NON NECESSARIO;;;NO;IN ATTESA;NOT STARTED
TR_0299;Manca autorizzazione;IN ATTESA;IN ATTESA;NON NECESSARIO;;;NO;IN ATTESA;NOT STARTED
TR_0300;Manca autorizzazione;IN ATTESA;IN ATTESA;NON NECESSARIO;;;NO;IN ATTESA;NOT STARTED
TR_0301;Manca autorizzazione;IN ATTESA;IN ATTESA;NON NECESSARIO;;;NO;IN ATTESA;NOT STARTED
TR_0302;Manca autorizzazione;IN ATTESA;IN ATTESA;NON NECESSARIO;;;NO;IN ATTESA;NOT STARTED
TR_0303;Manca autorizzazione;IN ATTESA;IN ATTESA;NON NECESSARIO;;;NO;IN ATTESA;NOT STARTED
TR_0304;Manca autorizzazione;IN ATTESA;IN ATTESA;NON NECESSARIO;;;NO;IN ATTESA;NOT STARTED
TR_0305;Manca autorizzazione;IN ATTESA;IN ATTESA;NON NECESSARIO;;;NO;IN ATTESA;NOT STARTED
TR_0307;Manca autorizzazione;IN ATTESA;IN ATTESA;NON NECESSARIO;;;NO;IN ATTESA;NOT STARTED
TR_0309;Manca autorizzazione;IN ATTESA;IN ATTESA;NON NECESSARIO;;;NO;IN ATTESA;NOT STARTED
TR_0310;Manca autorizzazione;IN ATTESA;IN ATTESA;NON NECESSARIO;;;NO;IN ATTESA;NOT STARTED
TR_0311;Manca autorizzazione;IN ATTESA;IN ATTESA;NON NECESSARIO;;;NO;IN ATTESA;NOT STARTED
TR_0312;Manca autorizzazione;IN ATTESA;IN ATTESA;NON NECESSARIO;;;NO;IN ATTESA;NOT STARTED
TR_0313;Manca autorizzazione;IN ATTESA;IN ATTESA;NON NECESSARIO;;;NO;IN ATTESA;NOT STARTED
TR_0314;Manca autorizzazione;IN ATTESA;IN ATTESA;NON NECESSARIO;;;NO;IN ATTESA;NOT STARTED
TR_0316;Manca autorizzazione;IN ATTESA;IN ATTESA;NON NECESSARIO;;;NO;IN ATTESA;NOT STARTED
TR_0317;Manca autorizzazione;IN ATTESA;IN ATTESA;NON NECESSARIO;;;NO;IN ATTESA;NOT STARTED
TR_0318;Manca autorizzazione;IN ATTESA;IN ATTESA;NON NECESSARIO;;;NO;IN ATTESA;NOT STARTED
TR_0319;Manca autorizzazione;IN ATTESA;IN ATTESA;NON NECESSARIO;;;NO;IN ATTESA;NOT STARTED
TR_0320;Manca autorizzazione;IN ATTESA;IN ATTESA;NON NECESSARIO;;;NO;IN ATTESA;NOT STARTED
TR_0321;Manca autorizzazione;IN ATTESA;IN ATTESA;NON NECESSARIO;;;NO;IN ATTESA;NOT STARTED
TR_0322;Manca autorizzazione;IN ATTESA;IN ATTESA;NON NECESSARIO;;;NO;IN ATTESA;NOT STARTED
TR_0323;Manca autorizzazione;IN ATTESA;IN ATTESA;NON NECESSARIO;;;NO;IN ATTESA;NOT STARTED
TR_0324;Manca autorizzazione;IN ATTESA;IN ATTESA;NON NECESSARIO;;;NO;IN ATTESA;NOT STARTED
TR_0325;Manca autorizzazione;IN ATTESA;IN ATTESA;NON NECESSARIO;;;NO;IN ATTESA;NOT STARTED
TR_0326;Manca autorizzazione;IN ATTESA;IN ATTESA;NON NECESSARIO;;;NO;IN ATTESA;NOT STARTED
TR_0327;Manca autorizzazione;IN ATTESA;IN ATTESA;NON NECESSARIO;;;NO;IN ATTESA;NOT STARTED
TR_0328;Manca autorizzazione;IN ATTESA;IN ATTESA;NON NECESSARIO;;;NO;IN ATTESA;NOT STARTED
TR_0329;Manca autorizzazione;IN ATTESA;IN ATTESA;NON NECESSARIO;;;NO;IN ATTESA;NOT STARTED
TR_0330;Manca autorizzazione;IN ATTESA;IN ATTESA;NON NECESSARIO;;;NO;IN ATTESA;NOT STARTED
TR_0333;Manca autorizzazione;IN ATTESA;IN ATTESA;NON NECESSARIO;;;NO;IN ATTESA;NOT STARTED
TR_0334;Manca autorizzazione;IN ATTESA;IN ATTESA;NON NECESSARIO;;;NO;IN ATTESA;NOT STARTED
TR_0335;Manca autorizzazione;IN ATTESA;IN ATTESA;NON NECESSARIO;;;NO;IN ATTESA;NOT STARTED
TR_0336;Manca autorizzazione;IN ATTESA;IN ATTESA;NON NECESSARIO;;;NO;IN ATTESA;NOT STARTED
TR_0337;Manca autorizzazione;IN ATTESA;IN ATTESA;NON NECESSARIO;;;NO;IN ATTESA;NOT STARTED
TR_0338;Manca autorizzazione;IN ATTESA;IN ATTESA;NON NECESSARIO;;;NO;IN ATTESA;NOT STARTED
TR_0339;Manca autorizzazione;IN ATTESA;IN ATTESA;NON NECESSARIO;;;NO;IN ATTESA;NOT STARTED
TR_0340;Manca autorizzazione;IN ATTESA;IN ATTESA;NON NECESSARIO;;;NO;IN ATTESA;NOT STARTED
TR_0341;Manca autorizzazione;IN ATTESA;IN ATTESA;NON NECESSARIO;;;NO;IN ATTESA;NOT STARTED
TR_0342;Manca autorizzazione;IN ATTESA;IN ATTESA;NON NECESSARIO;;;NO;IN ATTESA;NOT STARTED
TR_0343;Manca autorizzazione;IN ATTESA;IN ATTESA;NON NECESSARIO;;;NO;IN ATTESA;NOT STARTED
TR_0344;Manca autorizzazione;IN ATTESA;IN ATTESA;NON NECESSARIO;;;NO;IN ATTESA;NOT STARTED
TR_0346;Manca autorizzazione;IN ATTESA;IN ATTESA;NON NECESSARIO;;;NO;IN ATTESA;NOT STARTED
TR_0347;Manca autorizzazione;IN ATTESA;IN ATTESA;NON NECESSARIO;;;NO;IN ATTESA;NOT STARTED
TR_0348;Manca autorizzazione;IN ATTESA;IN ATTESA;NON NECESSARIO;;;NO;IN ATTESA;NOT STARTED
TR_0349;Manca autorizzazione;IN ATTESA;IN ATTESA;NON NECESSARIO;;;NO;IN ATTESA;NOT STARTED
TR_0350;Manca autorizzazione;IN ATTESA;IN ATTESA;NON NECESSARIO;;;NO;IN ATTESA;NOT STARTED
TR_0351;Manca autorizzazione;IN ATTESA;IN ATTESA;NON NECESSARIO;;;NO;IN ATTESA;NOT STARTED
TR_0353;Manca autorizzazione;IN ATTESA;IN ATTESA;NON NECESSARIO;;;NO;IN ATTESA;NOT STARTED
TR_0354;Manca autorizzazione;IN ATTESA;IN ATTESA;NON NECESSARIO;;;NO;IN ATTESA;NOT STARTED
TR_0355;Manca autorizzazione;IN ATTESA;IN ATTESA;NON NECESSARIO;;;NO;IN ATTESA;NOT STARTED
TR_0358;Manca autorizzazione;IN ATTESA;IN ATTESA;NON NECESSARIO;;;NO;IN ATTESA;NOT STARTED
TR_0359;Manca autorizzazione;IN ATTESA;IN ATTESA;NON NECESSARIO;;;NO;IN ATTESA;NOT STARTED
TR_0361;Manca autorizzazione;IN ATTESA;IN ATTESA;NON NECESSARIO;;;NO;IN ATTESA;NOT STARTED
TR_0363;Manca autorizzazione;IN ATTESA;IN ATTESA;NON NECESSARIO;;;NO;IN ATTESA;NOT STARTED
TR_0365;Manca autorizzazione;IN ATTESA;IN ATTESA;NON NECESSARIO;;;NO;IN ATTESA;NOT STARTED
TR_0366;Manca autorizzazione;IN ATTESA;IN ATTESA;NON NECESSARIO;;;NO;IN ATTESA;NOT STARTED
TR_0367;Manca autorizzazione;IN ATTESA;IN ATTESA;NON NECESSARIO;;;NO;IN ATTESA;NOT STARTED
TR_0368;Manca autorizzazione;IN ATTESA;IN ATTESA;NON NECESSARIO;;;NO;IN ATTESA;NOT STARTED
TR_0369;Manca autorizzazione;IN ATTESA;IN ATTESA;NON NECESSARIO;;;NO;IN ATTESA;NOT STARTED
TR_0370;Manca autorizzazione;IN ATTESA;IN ATTESA;NON NECESSARIO;;;NO;IN ATTESA;NOT STARTED
TR_0371;Manca autorizz;PROTOCOLLATO INTEGRAZIONE;NON NECESSARIO;NON NECESSARIO;23/03/2026;AUT/13/1A;NO;PROTOCOLLATO INTEGRAZIONE;ON GOING
TR_0372;Manca autorizz;NECESSARIA INTEGRAZIONE;NON NECESSARIO;NON NECESSARIO;;AUT/1/1A;NO;NECESSARIA INTEGRAZIONE;ON GOING
TR_0373;Manca autorizzazione;IN ATTESA;IN ATTESA;NON NECESSARIO;;;NO;IN ATTESA;NOT STARTED
TR_0374;Manca autorizz;NECESSARIA INTEGRAZIONE;NON NECESSARIO;NON NECESSARIO;;AUT/1/1A;NO;NECESSARIA INTEGRAZIONE;ON GOING
TR_0375;Manca autorizz;PROTOCOLLATO;NON NECESSARIO;NON NECESSARIO;27/03/2026;AUT/20/1A;NO;PROTOCOLLATO;ON GOING
TR_0377;Manca autorizz;NECESSARIA INTEGRAZIONE;OTTENUTO;NON NECESSARIO;09/04/2026;AUT/8/2A | NO/5/2A | NO/10/2A | NO/12/2A;NO;NECESSARIA INTEGRAZIONE;ON GOING
TR_0378;Manca autorizz;PROTOCOLLATO;NON NECESSARIO;NON NECESSARIO;24/04/2026;AUT/7/2A;NO;PROTOCOLLATO;ON GOING
TR_0379;Manca autorizz;INVIATO;NON NECESSARIO;NON NECESSARIO;;AUT/9/2B;NO;INVIATO;ON GOING
TR_0382;Manca autorizz;PROTOCOLLATO INTEGRAZIONE;NON NECESSARIO;IN ATTESA;05/03/2026;AUT/1/1B;NO;PROTOCOLLATO INTEGRAZIONE;DENIED
TR_0383;Manca autorizz;PROTOCOLLATO INTEGRAZIONE;NON NECESSARIO;NON NECESSARIO;23/03/2026;AUT/13/1A;NO;PROTOCOLLATO INTEGRAZIONE;ON GOING
TR_0384;Manca autorizz;INVIATO;NON NECESSARIO;NON NECESSARIO;;AUT/11/2B;NO;INVIATO;ON GOING
TR_0385;;OTTENUTO;NON NECESSARIO;NON NECESSARIO;24/03/2026;AUT/2/2B;SI;OTTENUTO;APPROVAL
TR_0386;Manca autorizzazione;IN ATTESA;IN ATTESA;NON NECESSARIO;;;NO;IN ATTESA;NOT STARTED
TR_0387;Manca autorizzazione;IN ATTESA;IN ATTESA;NON NECESSARIO;;;NO;IN ATTESA;NOT STARTED
TR_0388;Manca autorizzazione;IN ATTESA;IN ATTESA;NON NECESSARIO;;;NO;IN ATTESA;NOT STARTED
TR_0390;Manca autorizzazione;IN ATTESA;IN ATTESA;NON NECESSARIO;;;NO;IN ATTESA;NOT STARTED
TR_0391;Manca autorizzazione;IN ATTESA;IN ATTESA;NON NECESSARIO;;;NO;IN ATTESA;NOT STARTED
TR_0392;Manca autorizzazione;IN ATTESA;IN ATTESA;NON NECESSARIO;;;NO;IN ATTESA;NOT STARTED
TR_0393;Manca autorizzazione;IN ATTESA;IN ATTESA;NON NECESSARIO;;;NO;IN ATTESA;NOT STARTED
TR_0394;Manca autorizzazione;IN ATTESA;IN ATTESA;NON NECESSARIO;;;NO;IN ATTESA;NOT STARTED
TR_0395;Manca autorizzazione;IN ATTESA;IN ATTESA;NON NECESSARIO;;;NO;IN ATTESA;NOT STARTED
TR_0396;Manca autorizzazione;IN ATTESA;IN ATTESA;NON NECESSARIO;;;NO;IN ATTESA;NOT STARTED
TR_0397;Manca autorizzazione;IN ATTESA;IN ATTESA;NON NECESSARIO;;;NO;IN ATTESA;NOT STARTED
TR_0398;Manca autorizzazione;IN ATTESA;IN ATTESA;NON NECESSARIO;;;NO;IN ATTESA;NOT STARTED
TR_0399;Manca autorizzazione;IN ATTESA;IN ATTESA;NON NECESSARIO;;;NO;IN ATTESA;NOT STARTED
TR_0400;Manca autorizzazione;IN ATTESA;IN ATTESA;NON NECESSARIO;;;NO;IN ATTESA;NOT STARTED
TR_0401;Manca autorizzazione;IN ATTESA;IN ATTESA;NON NECESSARIO;;;NO;IN ATTESA;NOT STARTED
TR_0402;Manca autorizzazione;IN ATTESA;IN ATTESA;NON NECESSARIO;;;NO;IN ATTESA;NOT STARTED
TR_0404;Manca autorizzazione;IN ATTESA;IN ATTESA;NON NECESSARIO;;;NO;IN ATTESA;NOT STARTED
TR_0405;Manca autorizzazione;IN ATTESA;IN ATTESA;NON NECESSARIO;;;NO;IN ATTESA;NOT STARTED
TR_0406;Manca autorizzazione;IN ATTESA;IN ATTESA;NON NECESSARIO;;;NO;IN ATTESA;NOT STARTED
TR_0407;Manca autorizz;INVIATO;PROTOCOLLATO INTEGRAZIONE;NON NECESSARIO;;AUT/9/2B | NO/5/2B;NO;INVIATO;ON GOING
TR_0408;Manca autorizz;INVIATO;NON NECESSARIO;NON NECESSARIO;;AUT/9/2B;NO;INVIATO;ON GOING
TR_0411;;OTTENUTO;NON NECESSARIO;NON NECESSARIO;03/04/2026;AUT/6/2A;SI;OTTENUTO;APPROVAL
;Manca autorizzazione;IN ATTESA;IN ATTESA;NON NECESSARIO;;;NO;IN ATTESA;NOT STARTED
TR_0413;;OTTENUTO;NON NECESSARIO;NON NECESSARIO;03/04/2026;AUT/6/2A;SI;OTTENUTO;APPROVAL
;Manca autorizzazione;IN ATTESA;IN ATTESA;NON NECESSARIO;;;NO;IN ATTESA;NOT STARTED
TR_0415;Manca autorizz;PROTOCOLLATO INTEGRAZIONE;NON NECESSARIO;NON NECESSARIO;17/03/2026;AUT/2/2A;NO;PROTOCOLLATO INTEGRAZIONE;ON GOING
TR_0416;Manca autorizz;PROTOCOLLATO INTEGRAZIONE;NON NECESSARIO;NON NECESSARIO;17/03/2026;AUT/3/2A;NO;PROTOCOLLATO INTEGRAZIONE;ON GOING
TR_0417;Manca autorizz;PROTOCOLLATO;NON NECESSARIO;NON NECESSARIO;24/04/2026;AUT/7/2A;NO;PROTOCOLLATO;ON GOING
TR_0418;Manca autorizz;PROTOCOLLATO;NON NECESSARIO;NON NECESSARIO;24/04/2026;AUT/7/2A;NO;PROTOCOLLATO;ON GOING
TR_0419;Manca autorizz;PROTOCOLLATO INTEGRAZIONE;NON NECESSARIO;NON NECESSARIO;17/03/2026;AUT/3/2A;NO;PROTOCOLLATO INTEGRAZIONE;ON GOING
TR_0420;Manca autorizz;NECESSARIA INTEGRAZIONE;NON NECESSARIO;NON NECESSARIO;28/02/2026;AUT/4/2B;NO;NECESSARIA INTEGRAZIONE;ON GOING
TR_0421;;OTTENUTO;NON NECESSARIO;NON NECESSARIO;24/03/2026;AUT/2/2B;SI;OTTENUTO;APPROVAL
TR_0422;Manca nulla osta;OTTENUTO;IN REDAZIONE;NON NECESSARIO;12/03/2026;AUT/7/2B | NO/12/2B | NO/13/2B;NO;OTTENUTO;APPROVAL
TR_0423;Manca nulla osta;OTTENUTO;NECESSARIA INTEGRAZIONE;NON NECESSARIO;12/03/2026;AUT/7/2B | NO/12/2B | NO/3/2B | NO/13/2B;NO;OTTENUTO;APPROVAL
TR_0424;;OTTENUTO;IN REDAZIONE;NON NECESSARIO;12/03/2026;AUT/7/2B | NO/12/2B | NO/13/2B;SI;OTTENUTO;APPROVAL
TR_0425;Manca autorizz;NECESSARIA INTEGRAZIONE;NON NECESSARIO;NON NECESSARIO;09/04/2026;AUT/8/2A;NO;NECESSARIA INTEGRAZIONE;ON GOING
TR_0426;Manca autorizzazione;IN ATTESA;IN ATTESA;NON NECESSARIO;;;NO;IN ATTESA;NOT STARTED
TR_0427;Manca autorizzazione;IN ATTESA;IN ATTESA;NON NECESSARIO;;;NO;IN ATTESA;NOT STARTED
TR_0428;Manca autorizzazione;IN ATTESA;IN ATTESA;NON NECESSARIO;;;NO;IN ATTESA;NOT STARTED
TR_0429;Manca autorizzazione;IN ATTESA;IN ATTESA;NON NECESSARIO;;;NO;IN ATTESA;NOT STARTED
TR_0430;Manca autorizzazione;IN ATTESA;IN ATTESA;NON NECESSARIO;;;NO;IN ATTESA;NOT STARTED
TR_0431;Manca autorizzazione;IN ATTESA;IN ATTESA;NON NECESSARIO;;;NO;IN ATTESA;NOT STARTED
TR_0432;Manca autorizzazione;IN ATTESA;IN ATTESA;NON NECESSARIO;;;NO;IN ATTESA;NOT STARTED
TR_0433;Manca autorizzazione;IN ATTESA;IN ATTESA;NON NECESSARIO;;;NO;IN ATTESA;NOT STARTED
TR_0434;Manca autorizzazione;IN ATTESA;IN ATTESA;NON NECESSARIO;;;NO;IN ATTESA;NOT STARTED
TR_0435;Manca autorizzazione;IN ATTESA;IN ATTESA;NON NECESSARIO;;;NO;IN ATTESA;NOT STARTED
TR_0436;Manca autorizzazione;IN ATTESA;IN ATTESA;NON NECESSARIO;;;NO;IN ATTESA;NOT STARTED
TR_0437;Manca autorizzazione;IN ATTESA;IN ATTESA;NON NECESSARIO;;;NO;IN ATTESA;NOT STARTED
TR_0438;Manca autorizz;PROTOCOLLATO;NON NECESSARIO;NON NECESSARIO;17/03/2026;AUT/2/1A;NO;PROTOCOLLATO;ON GOING
TR_0439;Manca autorizz;NECESSARIA INTEGRAZIONE;NON NECESSARIO;NON NECESSARIO;;AUT/1/1A;NO;NECESSARIA INTEGRAZIONE;ON GOING
TR_0440;Manca autorizz | Manca nulla osta;PROTOCOLLATO;PROTOCOLLATO INTEGRAZIONE;NON NECESSARIO;24/03/2026;AUT/3/1A | NO/5/1A | NO/6/1A;NO;PROTOCOLLATO;ON GOING
TR_0441;Manca autorizz;NECESSARIA INTEGRAZIONE;NON NECESSARIO;NON NECESSARIO;;AUT/1/1A;NO;NECESSARIA INTEGRAZIONE;ON GOING
TR_0442;Manca autorizz;PROTOCOLLATO;NON NECESSARIO;NON NECESSARIO;24/03/2026;AUT/3/1A;NO;PROTOCOLLATO;ON GOING
TR_0443;Manca nulla osta;OTTENUTO;PROTOCOLLATO;NON NECESSARIO;25/03/2026;AUT/12/1A | NO/8/1A;NO;OTTENUTO;APPROVAL
TR_0444;Manca autorizz | Manca nulla osta;PROTOCOLLATO INTEGRAZIONE;INVIATO;NON NECESSARIO;23/03/2026;AUT/13/1A | NO/10/1A;NO;PROTOCOLLATO INTEGRAZIONE;ON GOING
TR_0445;Manca autorizz;PROTOCOLLATO;NON NECESSARIO;NON NECESSARIO;17/03/2026;AUT/2/1A;NO;PROTOCOLLATO;ON GOING
TR_0446;Manca autorizz | Manca nulla osta;NECESSARIA INTEGRAZIONE;INVIATO;NON NECESSARIO;23/03/2026;AUT/13/1A | NO/9/1A;NO;NECESSARIA INTEGRAZIONE;ON GOING
TR_0447;Manca autorizz;PROTOCOLLATO INTEGRAZIONE;NON NECESSARIO;NON NECESSARIO;23/03/2026;AUT/13/1A;NO;PROTOCOLLATO INTEGRAZIONE;ON GOING
TR_0448;Manca autorizz | Manca nulla osta;PROTOCOLLATO INTEGRAZIONE;INVIATO;NON NECESSARIO;23/03/2026;AUT/13/1A | NO/9/1A;NO;PROTOCOLLATO INTEGRAZIONE;ON GOING
TR_0449;Manca autorizzazione;IN ATTESA;IN ATTESA;NON NECESSARIO;;;NO;IN ATTESA;NOT STARTED
TR_0450;Manca autorizzazione;IN ATTESA;IN ATTESA;NON NECESSARIO;;;NO;IN ATTESA;NOT STARTED
TR_0451;Manca autorizz;PROTOCOLLATO;NON NECESSARIO;NON NECESSARIO;13/05/2026;AUT/24/1A;NO;PROTOCOLLATO;ON GOING
TR_0452;Manca autorizzazione;IN ATTESA;IN ATTESA;NON NECESSARIO;;;NO;IN ATTESA;NOT STARTED
TR_0453;Manca autorizzazione;IN ATTESA;IN ATTESA;NON NECESSARIO;;;NO;IN ATTESA;NOT STARTED
TR_0454;Manca autorizzazione;IN ATTESA;IN ATTESA;NON NECESSARIO;;;NO;IN ATTESA;NOT STARTED
TR_0455;Manca autorizzazione;IN ATTESA;IN ATTESA;NON NECESSARIO;;;NO;IN ATTESA;NOT STARTED
TR_0456;Manca autorizzazione;IN ATTESA;IN ATTESA;NON NECESSARIO;;;NO;IN ATTESA;NOT STARTED
TR_0457;Manca autorizzazione;IN ATTESA;IN ATTESA;NON NECESSARIO;;;NO;IN ATTESA;NOT STARTED
TR_0458;Manca autorizzazione;IN ATTESA;IN ATTESA;NON NECESSARIO;;;NO;IN ATTESA;NOT STARTED
TR_0460;Manca autorizzazione;IN ATTESA;IN ATTESA;NON NECESSARIO;;;NO;IN ATTESA;NOT STARTED
TR_0463;Manca autorizzazione;IN ATTESA;IN ATTESA;NON NECESSARIO;;;NO;IN ATTESA;NOT STARTED
TR_0465;Manca autorizzazione;IN ATTESA;IN ATTESA;NON NECESSARIO;;;NO;IN ATTESA;NOT STARTED
TR_0467;Manca autorizzazione;IN ATTESA;IN ATTESA;NON NECESSARIO;;;NO;IN ATTESA;NOT STARTED
TR_0469;Manca autorizzazione;IN ATTESA;IN ATTESA;NON NECESSARIO;;;NO;IN ATTESA;NOT STARTED
TR_0472;Manca autorizzazione;IN ATTESA;IN ATTESA;NON NECESSARIO;;;NO;IN ATTESA;NOT STARTED
TR_0473;Manca autorizzazione;IN ATTESA;IN ATTESA;NON NECESSARIO;;;NO;IN ATTESA;NOT STARTED
TR_0475;Manca autorizzazione;IN ATTESA;IN ATTESA;NON NECESSARIO;;;NO;IN ATTESA;NOT STARTED
TR_0476;Manca autorizzazione;IN ATTESA;IN ATTESA;NON NECESSARIO;;;NO;IN ATTESA;NOT STARTED
TR_0478;Manca autorizzazione;IN ATTESA;IN ATTESA;NON NECESSARIO;;;NO;IN ATTESA;NOT STARTED
TR_0479;Manca autorizzazione;IN ATTESA;IN ATTESA;NON NECESSARIO;;;NO;IN ATTESA;NOT STARTED
TR_0481;Manca autorizz;NECESSARIA INTEGRAZIONE;NON NECESSARIO;IN ATTESA;13/03/2026;AUT/2/1B;NO;NECESSARIA INTEGRAZIONE;ON GOING
TR_0483;Manca autorizz;COORDINAMENTO;NON NECESSARIO;NON NECESSARIO;;;NO;COORDINAMENTO;ON GOING
TR_0484;Manca autorizzazione;IN ATTESA;IN ATTESA;NON NECESSARIO;;;NO;IN ATTESA;NOT STARTED
TR_0489;Manca autorizzazione;IN ATTESA;IN ATTESA;NON NECESSARIO;;;NO;IN ATTESA;NOT STARTED
TR_0490;Manca autorizz | Manca nulla osta;PROTOCOLLATO;NECESSARIA INTEGRAZIONE;NON NECESSARIO;27/03/2026;AUT/20/1A | NO/17/1A;NO;PROTOCOLLATO;ON GOING
TR_0491;Manca autorizz;PROTOCOLLATO;NON NECESSARIO;NON NECESSARIO;27/03/2026;AUT/20/1A;NO;PROTOCOLLATO;ON GOING
TR_0492;Manca autorizz | Manca nulla osta;PROTOCOLLATO;INVIATO;NON NECESSARIO;27/03/2026;AUT/20/1A | NO/19/1A;NO;PROTOCOLLATO;ON GOING
TR_0493;Manca autorizz;PROTOCOLLATO;NON NECESSARIO;NON NECESSARIO;27/03/2026;AUT/20/1A;NO;PROTOCOLLATO;ON GOING
TR_0494;Manca autorizz | Manca nulla osta;COORDINAMENTO;INVIATO;NON NECESSARIO;;NO/5/1B;NO;COORDINAMENTO;ON GOING
TR_0495;Manca autorizz;PROTOCOLLATO INTEGRAZIONE;NON NECESSARIO;IN ATTESA;05/03/2026;AUT/1/1B;NO;PROTOCOLLATO INTEGRAZIONE;DENIED
TR_0496;Manca autorizz | Manca nulla osta;NECESSARIA INTEGRAZIONE;IN FIRMA RDS;IN ATTESA;13/03/2026;AUT/2/1B | NO/6/1B;NO;NECESSARIA INTEGRAZIONE;ON GOING
TR_0497;Manca autorizz;NECESSARIA INTEGRAZIONE;NON NECESSARIO;IN ATTESA;13/03/2026;AUT/2/1B;NO;NECESSARIA INTEGRAZIONE;ON GOING
TR_0498;Manca autorizz;PROTOCOLLATO INTEGRAZIONE;NON NECESSARIO;NON NECESSARIO;23/03/2026;AUT/13/1A;NO;PROTOCOLLATO INTEGRAZIONE;ON GOING
TR_0499;Manca autorizz | Manca nulla osta;PROTOCOLLATO;INVIATO;NON NECESSARIO;13/05/2026;AUT/24/1A | AUT/11/1A | NO/25/1A;NO;PROTOCOLLATO;ON GOING
TR_0500;Manca autorizzazione;IN ATTESA;IN ATTESA;NON NECESSARIO;;;NO;IN ATTESA;NOT STARTED
TR_0501;Manca autorizzazione;IN ATTESA;IN ATTESA;NON NECESSARIO;;;NO;IN ATTESA;NOT STARTED
TR_0502;Manca autorizzazione;IN ATTESA;IN ATTESA;NON NECESSARIO;;;NO;IN ATTESA;NOT STARTED
TR_0503;Manca autorizzazione;IN ATTESA;IN ATTESA;NON NECESSARIO;;;NO;IN ATTESA;NOT STARTED
TR_0504;Manca autorizzazione;IN ATTESA;IN ATTESA;NON NECESSARIO;;;NO;IN ATTESA;NOT STARTED
TR_0505;Manca autorizzazione;IN ATTESA;IN ATTESA;NON NECESSARIO;;;NO;IN ATTESA;NOT STARTED
TR_0506;Manca autorizzazione;IN ATTESA;IN ATTESA;NON NECESSARIO;;;NO;IN ATTESA;NOT STARTED
TR_0507;Manca autorizzazione;IN ATTESA;IN ATTESA;NON NECESSARIO;;;NO;IN ATTESA;NOT STARTED
TR_0508;Manca autorizzazione;IN ATTESA;IN ATTESA;NON NECESSARIO;;;NO;IN ATTESA;NOT STARTED
TR_0509;Manca autorizzazione;IN ATTESA;IN ATTESA;NON NECESSARIO;;;NO;IN ATTESA;NOT STARTED
TR_0510;Manca autorizzazione;IN ATTESA;IN ATTESA;NON NECESSARIO;;;NO;IN ATTESA;NOT STARTED
TR_0511;Manca autorizzazione;IN ATTESA;IN ATTESA;NON NECESSARIO;;;NO;IN ATTESA;NOT STARTED
TR_0512;Manca autorizzazione;IN ATTESA;IN ATTESA;NON NECESSARIO;;;NO;IN ATTESA;NOT STARTED
TR_0513;Manca autorizzazione;IN ATTESA;IN ATTESA;NON NECESSARIO;;;NO;IN ATTESA;NOT STARTED
TR_0514;Manca autorizzazione;IN ATTESA;IN ATTESA;NON NECESSARIO;;;NO;IN ATTESA;NOT STARTED
TR_0515;Manca autorizzazione;IN ATTESA;IN ATTESA;NON NECESSARIO;;;NO;IN ATTESA;NOT STARTED
TR_0516;Manca autorizzazione;IN ATTESA;IN ATTESA;NON NECESSARIO;;;NO;IN ATTESA;NOT STARTED
TR_0517;Manca autorizzazione;IN ATTESA;IN ATTESA;NON NECESSARIO;;;NO;IN ATTESA;NOT STARTED
TR_0518;Manca autorizzazione;IN ATTESA;IN ATTESA;NON NECESSARIO;;;NO;IN ATTESA;NOT STARTED
TR_0519;Manca autorizzazione;IN ATTESA;IN ATTESA;NON NECESSARIO;;;NO;IN ATTESA;NOT STARTED
TR_0520;Manca autorizzazione;IN ATTESA;IN ATTESA;NON NECESSARIO;;;NO;IN ATTESA;NOT STARTED
TR_0521;Manca autorizzazione;IN ATTESA;IN ATTESA;NON NECESSARIO;;;NO;IN ATTESA;NOT STARTED
TR_0522;Manca autorizzazione;IN ATTESA;IN ATTESA;NON NECESSARIO;;;NO;IN ATTESA;NOT STARTED
TR_0523;Manca autorizzazione;IN ATTESA;IN ATTESA;NON NECESSARIO;;;NO;IN ATTESA;NOT STARTED
TR_0524;Manca autorizz;PROTOCOLLATO INTEGRAZIONE;IN REDAZIONE;NON NECESSARIO;17/03/2026;AUT/3/2A;NO;PROTOCOLLATO INTEGRAZIONE;ON GOING
TR_0525;Manca autorizz;PROTOCOLLATO INTEGRAZIONE;NON NECESSARIO;NON NECESSARIO;17/03/2026;AUT/3/2A;NO;PROTOCOLLATO INTEGRAZIONE;ON GOING
TR_0526;Manca autorizz | Manca nulla osta;PROTOCOLLATO INTEGRAZIONE;IN REDAZIONE;NON NECESSARIO;17/03/2026;AUT/3/2A;NO;PROTOCOLLATO INTEGRAZIONE;ON GOING
TR_0527;Manca autorizz;PROTOCOLLATO INTEGRAZIONE;NON NECESSARIO;NON NECESSARIO;17/03/2026;AUT/3/2A;NO;PROTOCOLLATO INTEGRAZIONE;ON GOING
TR_0528;Manca nulla osta;OTTENUTO;INVIATO;NON NECESSARIO;03/04/2026;AUT/6/2A | NO/9/2A;NO;OTTENUTO;APPROVAL
TR_0529;;OTTENUTO;NON NECESSARIO;NON NECESSARIO;03/04/2026;AUT/6/2A;SI;OTTENUTO;APPROVAL
TR_0530;Manca nulla osta;OTTENUTO;IN REDAZIONE;IN ATTESA;12/03/2026;AUT/7/2B | NO/12/2B | NO/13/2B | NO/1/2B;NO;OTTENUTO;APPROVAL
TR_0531;;OTTENUTO;IN REDAZIONE;NON NECESSARIO;12/03/2026;AUT/7/2B | NO/13/2B | NO/12/2B;SI;OTTENUTO;APPROVAL
TR_0532;;OTTENUTO;NON NECESSARIO;NON NECESSARIO;24/03/2026;AUT/8/2B;SI;OTTENUTO;APPROVAL
TR_0533;;OTTENUTO;NON NECESSARIO;NON NECESSARIO;24/03/2026;AUT/8/2B;SI;OTTENUTO;APPROVAL
TR_0534;;OTTENUTO;NON NECESSARIO;NON NECESSARIO;24/03/2026;AUT/8/2B;SI;OTTENUTO;APPROVAL
TR_0535;Manca autorizzazione;IN ATTESA;IN ATTESA;NON NECESSARIO;;;NO;IN ATTESA;NOT STARTED
TR_0536;Manca autorizzazione;IN ATTESA;IN ATTESA;NON NECESSARIO;;;NO;IN ATTESA;NOT STARTED
TR_0537;Manca autorizzazione;IN ATTESA;IN ATTESA;NON NECESSARIO;;;NO;IN ATTESA;NOT STARTED
TR_0538;Manca autorizzazione;IN ATTESA;IN ATTESA;NON NECESSARIO;;;NO;IN ATTESA;NOT STARTED
TR_0539;Manca autorizz;PROTOCOLLATO INTEGRAZIONE;NON NECESSARIO;IN ATTESA;05/03/2026;AUT/1/1B;NO;PROTOCOLLATO INTEGRAZIONE;DENIED
TR_0540;Manca autorizz;PROTOCOLLATO INTEGRAZIONE;NON NECESSARIO;IN ATTESA;05/03/2026;AUT/1/1B;NO;PROTOCOLLATO INTEGRAZIONE;DENIED
TR_0541;Manca autorizz | Manca nulla osta;COORDINAMENTO;PROTOCOLLATO;NON NECESSARIO;;NO/3/1B;NO;COORDINAMENTO;ON GOING
TR_0542;Manca autorizz;COORDINAMENTO;NON NECESSARIO;NON NECESSARIO;;;NO;COORDINAMENTO;ON GOING
TR_0543;Manca autorizz | Manca nulla osta;COORDINAMENTO;INVIATO;NON NECESSARIO;;NO/5/1B;NO;COORDINAMENTO;ON GOING
TR_0544;Manca autorizz;COORDINAMENTO;NON NECESSARIO;NON NECESSARIO;;;NO;COORDINAMENTO;ON GOING
TR_0545;Manca autorizz | Manca nulla osta;PROTOCOLLATO;INVIATO;NON NECESSARIO;27/03/2026;AUT/20/1A | NO/15/1A;NO;PROTOCOLLATO;ON GOING
TR_0546;Manca autorizz;PROTOCOLLATO;NON NECESSARIO;NON NECESSARIO;27/03/2026;AUT/20/1A;NO;PROTOCOLLATO;ON GOING
TR_0547;Manca autorizz | Manca nulla osta;PROTOCOLLATO;PROTOCOLLATO;NON NECESSARIO;27/03/2026;AUT/20/1A | NO/18/1A;NO;PROTOCOLLATO;ON GOING
TR_0548;Manca autorizz;PROTOCOLLATO;NON NECESSARIO;NON NECESSARIO;27/03/2026;AUT/20/1A;NO;PROTOCOLLATO;ON GOING
TR_0549;Manca autorizzazione;IN ATTESA;IN ATTESA;NON NECESSARIO;;;NO;IN ATTESA;NOT STARTED
TR_0550;Manca autorizzazione;IN ATTESA;IN ATTESA;NON NECESSARIO;;;NO;IN ATTESA;NOT STARTED
TR_0551;Manca autorizzazione;IN ATTESA;IN ATTESA;NON NECESSARIO;;;NO;IN ATTESA;NOT STARTED
TR_0552;Manca autorizzazione;IN ATTESA;IN ATTESA;NON NECESSARIO;;;NO;IN ATTESA;NOT STARTED
TR_0553;Manca autorizzazione;IN ATTESA;IN ATTESA;NON NECESSARIO;;;NO;IN ATTESA;NOT STARTED
TR_0554;Manca autorizzazione;IN ATTESA;IN ATTESA;NON NECESSARIO;;;NO;IN ATTESA;NOT STARTED
TR_0555;Manca autorizzazione;IN ATTESA;IN ATTESA;NON NECESSARIO;;;NO;IN ATTESA;NOT STARTED
TR_0556;Manca autorizzazione;IN ATTESA;IN ATTESA;NON NECESSARIO;;;NO;IN ATTESA;NOT STARTED
TR_0557;Manca autorizzazione;IN ATTESA;IN ATTESA;NON NECESSARIO;;;NO;IN ATTESA;NOT STARTED
TR_0558;Manca autorizzazione;IN ATTESA;IN ATTESA;NON NECESSARIO;;;NO;IN ATTESA;NOT STARTED
TR_0559;Manca autorizzazione;IN ATTESA;IN ATTESA;NON NECESSARIO;;;NO;IN ATTESA;NOT STARTED
TR_0560;Manca autorizzazione;IN ATTESA;IN ATTESA;NON NECESSARIO;;;NO;IN ATTESA;NOT STARTED
TR_0561;Manca autorizzazione;IN ATTESA;IN ATTESA;NON NECESSARIO;;;NO;IN ATTESA;NOT STARTED
TR_0562;Manca autorizzazione;IN ATTESA;IN ATTESA;NON NECESSARIO;;;NO;IN ATTESA;NOT STARTED
TR_0563;Manca autorizzazione;IN ATTESA;IN ATTESA;NON NECESSARIO;;;NO;IN ATTESA;NOT STARTED
TR_0564;Manca autorizzazione;IN ATTESA;IN ATTESA;NON NECESSARIO;;;NO;IN ATTESA;NOT STARTED
TR_0565;Manca autorizzazione;IN ATTESA;IN ATTESA;NON NECESSARIO;;;NO;IN ATTESA;NOT STARTED
TR_0566;Manca autorizzazione;IN ATTESA;IN ATTESA;NON NECESSARIO;;;NO;IN ATTESA;NOT STARTED
TR_0567;Manca autorizzazione;IN ATTESA;IN ATTESA;NON NECESSARIO;;;NO;IN ATTESA;NOT STARTED
TR_0568;Manca autorizzazione;IN ATTESA;IN ATTESA;NON NECESSARIO;;;NO;IN ATTESA;NOT STARTED
TR_0569;Manca autorizzazione;IN ATTESA;IN ATTESA;NON NECESSARIO;;;NO;IN ATTESA;NOT STARTED
TR_0570;Manca autorizzazione;IN ATTESA;IN ATTESA;NON NECESSARIO;;;NO;IN ATTESA;NOT STARTED
TR_0571;Manca autorizzazione;IN ATTESA;IN ATTESA;NON NECESSARIO;;;NO;IN ATTESA;NOT STARTED
TR_0572;Manca autorizzazione;IN ATTESA;IN ATTESA;NON NECESSARIO;;;NO;IN ATTESA;NOT STARTED
TR_0573;Manca autorizzazione;IN ATTESA;IN ATTESA;NON NECESSARIO;;;NO;IN ATTESA;NOT STARTED
TR_0574;Manca autorizzazione;IN ATTESA;IN ATTESA;NON NECESSARIO;;;NO;IN ATTESA;NOT STARTED
TR_0577;Manca autorizzazione;IN ATTESA;IN ATTESA;NON NECESSARIO;;;NO;IN ATTESA;NOT STARTED
TR_0578;Manca autorizzazione;IN ATTESA;IN ATTESA;NON NECESSARIO;;;NO;IN ATTESA;NOT STARTED
TR_0579;Manca autorizzazione;IN ATTESA;IN ATTESA;NON NECESSARIO;;;NO;IN ATTESA;NOT STARTED
TR_0580;Manca autorizzazione;IN ATTESA;IN ATTESA;NON NECESSARIO;;;NO;IN ATTESA;NOT STARTED
TR_0581;Manca autorizzazione;IN ATTESA;IN ATTESA;NON NECESSARIO;;;NO;IN ATTESA;NOT STARTED
TR_0582;Manca autorizzazione;IN ATTESA;IN ATTESA;NON NECESSARIO;;;NO;IN ATTESA;NOT STARTED
TR_0583;Manca autorizzazione;IN ATTESA;IN ATTESA;NON NECESSARIO;;;NO;IN ATTESA;NOT STARTED
TR_0584;Manca autorizzazione;IN ATTESA;IN ATTESA;NON NECESSARIO;;;NO;IN ATTESA;NOT STARTED
TR_0585;Manca autorizzazione;IN ATTESA;IN ATTESA;NON NECESSARIO;;;NO;IN ATTESA;NOT STARTED
TR_0586;Manca autorizzazione;IN ATTESA;IN ATTESA;NON NECESSARIO;;;NO;IN ATTESA;NOT STARTED
TR_0587;Manca autorizzazione;IN ATTESA;IN ATTESA;NON NECESSARIO;;;NO;IN ATTESA;NOT STARTED
TR_0588;Manca autorizzazione;IN ATTESA;IN ATTESA;NON NECESSARIO;;;NO;IN ATTESA;NOT STARTED
TR_0589;Manca autorizzazione;IN ATTESA;IN ATTESA;NON NECESSARIO;;;NO;IN ATTESA;NOT STARTED
TR_0590;Manca autorizzazione;IN ATTESA;IN ATTESA;NON NECESSARIO;;;NO;IN ATTESA;NOT STARTED
TR_0591;Manca autorizzazione;IN ATTESA;IN ATTESA;NON NECESSARIO;;;NO;IN ATTESA;NOT STARTED
TR_0594;Manca autorizzazione;IN ATTESA;IN ATTESA;NON NECESSARIO;;;NO;IN ATTESA;NOT STARTED
TR_0596;Manca autorizzazione;IN ATTESA;IN ATTESA;NON NECESSARIO;;;NO;IN ATTESA;NOT STARTED
TR_0597;Manca autorizzazione;IN ATTESA;IN ATTESA;NON NECESSARIO;;;NO;IN ATTESA;NOT STARTED
TR_0598;Manca autorizzazione;IN ATTESA;IN ATTESA;NON NECESSARIO;;;NO;IN ATTESA;NOT STARTED
TR_0599;Manca autorizzazione;IN ATTESA;IN ATTESA;NON NECESSARIO;;;NO;IN ATTESA;NOT STARTED
TR_0600;Manca autorizzazione;IN ATTESA;IN ATTESA;NON NECESSARIO;;;NO;IN ATTESA;NOT STARTED
TR_0601;Manca autorizzazione;IN ATTESA;IN ATTESA;NON NECESSARIO;;;NO;IN ATTESA;NOT STARTED
TR_0602;Manca autorizzazione;IN ATTESA;IN ATTESA;NON NECESSARIO;;;NO;IN ATTESA;NOT STARTED
TR_0603;Manca autorizzazione;IN ATTESA;IN ATTESA;NON NECESSARIO;;;NO;IN ATTESA;NOT STARTED
TR_0604;Manca autorizzazione;IN ATTESA;IN ATTESA;NON NECESSARIO;;;NO;IN ATTESA;NOT STARTED
TR_0605;Manca autorizzazione;IN ATTESA;IN ATTESA;NON NECESSARIO;;;NO;IN ATTESA;NOT STARTED
TR_0606;Manca autorizzazione;IN ATTESA;IN ATTESA;NON NECESSARIO;;;NO;IN ATTESA;NOT STARTED
TR_0607;Manca autorizzazione;IN ATTESA;IN ATTESA;NON NECESSARIO;;;NO;IN ATTESA;NOT STARTED
TR_0608;Manca autorizzazione;IN ATTESA;IN ATTESA;NON NECESSARIO;;;NO;IN ATTESA;NOT STARTED
TR_0609;Manca autorizzazione;IN ATTESA;IN ATTESA;NON NECESSARIO;;;NO;IN ATTESA;NOT STARTED
TR_0610;Manca autorizzazione;IN ATTESA;IN ATTESA;NON NECESSARIO;;;NO;IN ATTESA;NOT STARTED
TR_0611;Manca autorizzazione;IN ATTESA;IN ATTESA;NON NECESSARIO;;;NO;IN ATTESA;NOT STARTED
TR_0612;Manca autorizzazione;IN ATTESA;IN ATTESA;NON NECESSARIO;;;NO;IN ATTESA;NOT STARTED
TR_0613;Manca autorizzazione;IN ATTESA;IN ATTESA;NON NECESSARIO;;;NO;IN ATTESA;NOT STARTED
TR_0614;Manca autorizzazione;IN ATTESA;IN ATTESA;NON NECESSARIO;;;NO;IN ATTESA;NOT STARTED
TR_0615;Manca autorizzazione;IN ATTESA;IN ATTESA;NON NECESSARIO;;;NO;IN ATTESA;NOT STARTED
TR_0618;Manca autorizzazione;IN ATTESA;IN ATTESA;NON NECESSARIO;;;NO;IN ATTESA;NOT STARTED
TR_0619;Manca autorizzazione;IN ATTESA;IN ATTESA;NON NECESSARIO;;;NO;IN ATTESA;NOT STARTED
TR_0620;Manca autorizzazione;IN ATTESA;IN ATTESA;NON NECESSARIO;;;NO;IN ATTESA;NOT STARTED
TR_0621;Manca autorizzazione;IN ATTESA;IN ATTESA;NON NECESSARIO;;;NO;IN ATTESA;NOT STARTED
TR_0622;Manca autorizzazione;IN ATTESA;IN ATTESA;NON NECESSARIO;;;NO;IN ATTESA;NOT STARTED
TR_0623;Manca autorizzazione;IN ATTESA;IN ATTESA;NON NECESSARIO;;;NO;IN ATTESA;NOT STARTED
TR_0624;Manca autorizzazione;IN ATTESA;IN ATTESA;NON NECESSARIO;;;NO;IN ATTESA;NOT STARTED
TR_0625;Manca autorizzazione;IN ATTESA;IN ATTESA;NON NECESSARIO;;;NO;IN ATTESA;NOT STARTED
TR_0626;Manca autorizzazione;IN ATTESA;IN ATTESA;NON NECESSARIO;;;NO;IN ATTESA;NOT STARTED
TR_0627;Manca autorizzazione;IN ATTESA;IN ATTESA;NON NECESSARIO;;;NO;IN ATTESA;NOT STARTED
TR_0628;Manca autorizzazione;IN ATTESA;IN ATTESA;NON NECESSARIO;;;NO;IN ATTESA;NOT STARTED
TR_0629;Manca autorizzazione;IN ATTESA;IN ATTESA;NON NECESSARIO;;;NO;IN ATTESA;NOT STARTED
TR_0630;Manca autorizzazione;IN ATTESA;IN ATTESA;NON NECESSARIO;;;NO;IN ATTESA;NOT STARTED
TR_0631;Manca autorizzazione;IN ATTESA;IN ATTESA;NON NECESSARIO;;;NO;IN ATTESA;NOT STARTED
TR_0632;Manca autorizz | Manca nulla osta;PROTOCOLLATO;PROTOCOLLATO;NON NECESSARIO;17/03/2026;AUT/2/1A | NO/14/1A;NO;PROTOCOLLATO;ON GOING
TR_0633;Manca autorizz;PROTOCOLLATO;NON NECESSARIO;NON NECESSARIO;17/03/2026;AUT/2/1A;NO;PROTOCOLLATO;ON GOING
TR_0634;Manca autorizz | Manca nulla osta;PROTOCOLLATO INTEGRAZIONE;PROTOCOLLATO;NON NECESSARIO;17/03/2026;AUT/13/1A | NO/7/1A;NO;PROTOCOLLATO INTEGRAZIONE;ON GOING
TR_0635;Manca autorizz;PROTOCOLLATO INTEGRAZIONE;NON NECESSARIO;NON NECESSARIO;23/03/2026;AUT/13/1A;NO;PROTOCOLLATO INTEGRAZIONE;ON GOING
TR_0636;Manca autorizz | Manca nulla osta;PROTOCOLLATO INTEGRAZIONE;IN FIRMA RDS;NON NECESSARIO;23/03/2026;AUT/13/1A | NO/26/1A | NO/27/1A;NO;PROTOCOLLATO INTEGRAZIONE;ON GOING
TR_0637;Manca autorizz | Manca nulla osta;NECESSARIA INTEGRAZIONE;PROTOCOLLATO;NON NECESSARIO;;AUT/1/1A | NO/4/1A;NO;NECESSARIA INTEGRAZIONE;ON GOING
TR_0638;Manca autorizz;NECESSARIA INTEGRAZIONE;NON NECESSARIO;NON NECESSARIO;;AUT/1/1A;NO;NECESSARIA INTEGRAZIONE;ON GOING
TR_0639;Manca autorizz | Manca nulla osta;PROTOCOLLATO INTEGRAZIONE;IN REDAZIONE;NON NECESSARIO;17/03/2026;AUT/1/2A;NO;PROTOCOLLATO INTEGRAZIONE;ON GOING
TR_0640;Manca autorizz;PROTOCOLLATO INTEGRAZIONE;NON NECESSARIO;NON NECESSARIO;17/03/2026;AUT/1/2A;NO;PROTOCOLLATO INTEGRAZIONE;ON GOING
TR_0641;Manca autorizz | Manca nulla osta;PROTOCOLLATO INTEGRAZIONE;IN REDAZIONE;NON NECESSARIO;17/03/2026;AUT/1/2A;NO;PROTOCOLLATO INTEGRAZIONE;ON GOING
TR_0642;Manca autorizz;PROTOCOLLATO INTEGRAZIONE;NON NECESSARIO;NON NECESSARIO;17/03/2026;AUT/1/2A;NO;PROTOCOLLATO INTEGRAZIONE;ON GOING
TR_0643;Manca autorizz;NECESSARIA INTEGRAZIONE;IN REDAZIONE;NON NECESSARIO;09/04/2026;AUT/8/2A;NO;NECESSARIA INTEGRAZIONE;ON GOING
TR_0647;Manca nulla osta;OTTENUTO;IN REDAZIONE;NON NECESSARIO;24/03/2026;AUT/8/2B;NO;OTTENUTO;APPROVAL
TR_0648;;OTTENUTO;NON NECESSARIO;NON NECESSARIO;24/03/2026;AUT/8/2B;SI;OTTENUTO;APPROVAL
TR_0649;;OTTENUTO;NON NECESSARIO;NON NECESSARIO;24/03/2026;AUT/8/2B;SI;OTTENUTO;APPROVAL
TR_0650;;OTTENUTO;IN REDAZIONE;NON NECESSARIO;24/03/2026;AUT/8/2B;SI;OTTENUTO;APPROVAL
TR_0651;;OTTENUTO;NON NECESSARIO;NON NECESSARIO;24/03/2026;AUT/8/2B;SI;OTTENUTO;APPROVAL
TR_0652;Manca autorizzazione;IN ATTESA;IN ATTESA;NON NECESSARIO;;;NO;IN ATTESA;NOT STARTED
TR_0653;Manca autorizzazione;IN ATTESA;IN ATTESA;NON NECESSARIO;;;NO;IN ATTESA;NOT STARTED
TR_0654;Manca autorizzazione;IN ATTESA;IN ATTESA;NON NECESSARIO;;;NO;IN ATTESA;NOT STARTED
TR_0655;Manca autorizzazione;IN ATTESA;IN ATTESA;NON NECESSARIO;;;NO;IN ATTESA;NOT STARTED
TR_0657;Manca autorizzazione;IN ATTESA;IN ATTESA;NON NECESSARIO;;;NO;IN ATTESA;NOT STARTED
TR_0658;Manca autorizzazione;IN ATTESA;IN ATTESA;NON NECESSARIO;;;NO;IN ATTESA;NOT STARTED
TR_0659;Manca autorizzazione;IN ATTESA;IN ATTESA;NON NECESSARIO;;;NO;IN ATTESA;NOT STARTED
TR_0660;Manca autorizzazione;IN ATTESA;IN ATTESA;NON NECESSARIO;;;NO;IN ATTESA;NOT STARTED
TR_0661;Manca autorizzazione;IN ATTESA;IN ATTESA;NON NECESSARIO;;;NO;IN ATTESA;NOT STARTED
TR_0662;Manca autorizzazione;IN ATTESA;IN ATTESA;NON NECESSARIO;;;NO;IN ATTESA;NOT STARTED
TR_0663;Manca autorizzazione;IN ATTESA;IN ATTESA;NON NECESSARIO;;;NO;IN ATTESA;NOT STARTED
TR_0664;Manca autorizzazione;IN ATTESA;IN ATTESA;NON NECESSARIO;;;NO;IN ATTESA;NOT STARTED
TR_0665;Manca autorizzazione;IN ATTESA;IN ATTESA;NON NECESSARIO;;;NO;IN ATTESA;NOT STARTED
TR_0666;Manca autorizzazione;IN ATTESA;IN ATTESA;NON NECESSARIO;;;NO;IN ATTESA;NOT STARTED
TR_0667;Manca autorizzazione;IN ATTESA;IN ATTESA;NON NECESSARIO;;;NO;IN ATTESA;NOT STARTED
TR_0668;Manca autorizzazione;IN ATTESA;IN ATTESA;NON NECESSARIO;;;NO;IN ATTESA;NOT STARTED
TR_0669;Manca autorizzazione;IN ATTESA;IN ATTESA;NON NECESSARIO;;;NO;IN ATTESA;NOT STARTED
TR_0670;Manca autorizzazione;IN ATTESA;IN ATTESA;NON NECESSARIO;;;NO;IN ATTESA;NOT STARTED
TR_0671;Manca autorizzazione;IN ATTESA;IN ATTESA;NON NECESSARIO;;;NO;IN ATTESA;NOT STARTED
TR_0672;Manca autorizzazione;IN ATTESA;IN ATTESA;NON NECESSARIO;;;NO;IN ATTESA;NOT STARTED
TR_0673;Manca autorizzazione;IN ATTESA;IN ATTESA;NON NECESSARIO;;;NO;IN ATTESA;NOT STARTED
TR_0674;Manca autorizzazione;IN ATTESA;IN ATTESA;NON NECESSARIO;;;NO;IN ATTESA;NOT STARTED
TR_0675;Manca autorizzazione;IN ATTESA;IN ATTESA;NON NECESSARIO;;;NO;IN ATTESA;NOT STARTED
TR_0676;Manca autorizzazione;IN ATTESA;IN ATTESA;NON NECESSARIO;;;NO;IN ATTESA;NOT STARTED
TR_0677;Manca autorizzazione;IN ATTESA;IN ATTESA;NON NECESSARIO;;;NO;IN ATTESA;NOT STARTED
TR_0678;Manca autorizzazione;IN ATTESA;IN ATTESA;NON NECESSARIO;;;NO;IN ATTESA;NOT STARTED
TR_0679;Manca autorizzazione;IN ATTESA;IN ATTESA;NON NECESSARIO;;;NO;IN ATTESA;NOT STARTED
TR_0680;Manca autorizzazione;IN ATTESA;IN ATTESA;NON NECESSARIO;;;NO;IN ATTESA;NOT STARTED
TR_0681;Manca autorizzazione;IN ATTESA;IN ATTESA;NON NECESSARIO;;;NO;IN ATTESA;NOT STARTED
TR_0682;Manca autorizzazione;IN ATTESA;IN ATTESA;NON NECESSARIO;;;NO;IN ATTESA;NOT STARTED
TR_0683;Manca autorizzazione;IN ATTESA;IN ATTESA;NON NECESSARIO;;;NO;IN ATTESA;NOT STARTED
TR_0684;Manca autorizzazione;IN ATTESA;IN ATTESA;NON NECESSARIO;;;NO;IN ATTESA;NOT STARTED
TR_0685;Manca autorizzazione;IN ATTESA;IN ATTESA;NON NECESSARIO;;;NO;IN ATTESA;NOT STARTED
TR_0686;Manca autorizzazione;IN ATTESA;IN ATTESA;NON NECESSARIO;;;NO;IN ATTESA;NOT STARTED
TR_0687;Manca autorizzazione;IN ATTESA;IN ATTESA;NON NECESSARIO;;;NO;IN ATTESA;NOT STARTED
TR_0688;Manca autorizzazione;IN ATTESA;IN ATTESA;NON NECESSARIO;;;NO;IN ATTESA;NOT STARTED
TR_0689;Manca autorizzazione;IN ATTESA;IN ATTESA;NON NECESSARIO;;;NO;IN ATTESA;NOT STARTED
TR_0690;Manca autorizzazione;IN ATTESA;IN ATTESA;NON NECESSARIO;;;NO;IN ATTESA;NOT STARTED
TR_0691;Manca autorizzazione;IN ATTESA;IN ATTESA;NON NECESSARIO;;;NO;IN ATTESA;NOT STARTED
TR_0692;Manca autorizzazione;IN ATTESA;IN ATTESA;NON NECESSARIO;;;NO;IN ATTESA;NOT STARTED
TR_0693;Manca autorizzazione;IN ATTESA;IN ATTESA;NON NECESSARIO;;;NO;IN ATTESA;NOT STARTED
TR_0694;Manca autorizzazione;IN ATTESA;IN ATTESA;NON NECESSARIO;;;NO;IN ATTESA;NOT STARTED
TR_0695;;OTTENUTO;NON NECESSARIO;NON NECESSARIO;24/03/2026;AUT/8/2B;SI;OTTENUTO;APPROVAL
TR_0696;Manca autorizzazione;IN ATTESA;IN ATTESA;NON NECESSARIO;;;NO;IN ATTESA;NOT STARTED
TR_0697;Manca autorizzazione;IN ATTESA;IN ATTESA;NON NECESSARIO;;;NO;IN ATTESA;NOT STARTED
TR_0698;Manca autorizzazione;IN ATTESA;IN ATTESA;NON NECESSARIO;;;NO;IN ATTESA;NOT STARTED
TR_0699;Manca autorizzazione;IN ATTESA;IN ATTESA;NON NECESSARIO;;;NO;IN ATTESA;NOT STARTED
TR_0700;Manca autorizzazione;IN ATTESA;IN ATTESA;NON NECESSARIO;;;NO;IN ATTESA;NOT STARTED
TR_0701;Manca autorizzazione;IN ATTESA;IN ATTESA;NON NECESSARIO;;;NO;IN ATTESA;NOT STARTED
TR_0702;Manca autorizzazione;IN ATTESA;IN ATTESA;NON NECESSARIO;;;NO;IN ATTESA;NOT STARTED
TR_0703;Manca autorizzazione;IN ATTESA;IN ATTESA;NON NECESSARIO;;;NO;IN ATTESA;NOT STARTED
TR_0704;Manca autorizzazione;IN ATTESA;IN ATTESA;NON NECESSARIO;;;NO;IN ATTESA;NOT STARTED
TR_0705;Manca autorizzazione;IN ATTESA;IN ATTESA;NON NECESSARIO;;;NO;IN ATTESA;NOT STARTED
TR_0706;Manca autorizzazione;IN ATTESA;IN ATTESA;NON NECESSARIO;;;NO;IN ATTESA;NOT STARTED
TR_0707;Manca autorizzazione;IN ATTESA;IN ATTESA;NON NECESSARIO;;;NO;IN ATTESA;NOT STARTED
TR_0708;Manca autorizzazione;IN ATTESA;IN ATTESA;NON NECESSARIO;;;NO;IN ATTESA;NOT STARTED
TR_0709;Manca autorizzazione;IN ATTESA;IN ATTESA;NON NECESSARIO;;;NO;IN ATTESA;NOT STARTED
TR_0710;Manca autorizzazione;IN ATTESA;IN ATTESA;NON NECESSARIO;;;NO;IN ATTESA;NOT STARTED
TR_0711;Manca autorizzazione;IN ATTESA;IN ATTESA;NON NECESSARIO;;;NO;IN ATTESA;NOT STARTED
TR_0712;Manca autorizzazione;IN ATTESA;IN ATTESA;NON NECESSARIO;;;NO;IN ATTESA;NOT STARTED
TR_0713;Manca autorizzazione;IN ATTESA;IN ATTESA;NON NECESSARIO;;;NO;IN ATTESA;NOT STARTED
TR_0714;Manca autorizzazione;IN ATTESA;IN ATTESA;NON NECESSARIO;;;NO;IN ATTESA;NOT STARTED
TR_0715;Manca autorizzazione;IN ATTESA;IN ATTESA;NON NECESSARIO;;;NO;IN ATTESA;NOT STARTED
TR_0716;Manca autorizzazione;IN ATTESA;IN ATTESA;NON NECESSARIO;;;NO;IN ATTESA;NOT STARTED
TR_0717;Manca autorizzazione;IN ATTESA;IN ATTESA;NON NECESSARIO;;;NO;IN ATTESA;NOT STARTED
TR_0718;Manca autorizzazione;IN ATTESA;IN ATTESA;NON NECESSARIO;;;NO;IN ATTESA;NOT STARTED
TR_0719;Manca autorizzazione;IN ATTESA;IN ATTESA;NON NECESSARIO;;;NO;IN ATTESA;NOT STARTED
TR_0720;Manca autorizzazione;IN ATTESA;IN ATTESA;NON NECESSARIO;;;NO;IN ATTESA;NOT STARTED
TR_0721;Manca autorizzazione;IN ATTESA;IN ATTESA;NON NECESSARIO;;;NO;IN ATTESA;NOT STARTED
TR_0722;Manca autorizzazione;IN ATTESA;IN ATTESA;NON NECESSARIO;;;NO;IN ATTESA;NOT STARTED
TR_0723;Manca autorizzazione;IN ATTESA;IN ATTESA;NON NECESSARIO;;;NO;IN ATTESA;NOT STARTED
TR_0724;Manca autorizzazione;IN ATTESA;IN ATTESA;NON NECESSARIO;;;NO;IN ATTESA;NOT STARTED
TR_0725;Manca autorizzazione;IN ATTESA;IN ATTESA;NON NECESSARIO;;;NO;IN ATTESA;NOT STARTED
TR_0726;Manca autorizzazione;IN ATTESA;IN ATTESA;NON NECESSARIO;;;NO;IN ATTESA;NOT STARTED
TR_0727;Manca autorizzazione;IN ATTESA;IN ATTESA;NON NECESSARIO;;;NO;IN ATTESA;NOT STARTED
TR_0728;Manca autorizzazione;IN ATTESA;IN ATTESA;NON NECESSARIO;;;NO;IN ATTESA;NOT STARTED
TR_0729;Manca autorizzazione;IN ATTESA;IN ATTESA;NON NECESSARIO;;;NO;IN ATTESA;NOT STARTED
TR_0730;Manca autorizzazione;IN ATTESA;IN ATTESA;NON NECESSARIO;;;NO;IN ATTESA;NOT STARTED
TR_0731;Manca autorizzazione;IN ATTESA;IN ATTESA;NON NECESSARIO;;;NO;IN ATTESA;NOT STARTED
TR_0732;Manca autorizzazione;IN ATTESA;IN ATTESA;NON NECESSARIO;;;NO;IN ATTESA;NOT STARTED
TR_0733;Manca autorizzazione;IN ATTESA;IN ATTESA;NON NECESSARIO;;;NO;IN ATTESA;NOT STARTED
TR_0734;Manca autorizzazione;IN ATTESA;IN ATTESA;NON NECESSARIO;;;NO;IN ATTESA;NOT STARTED
TR_0735;Manca autorizzazione;IN ATTESA;IN ATTESA;NON NECESSARIO;;;NO;IN ATTESA;NOT STARTED
TR_0736;Manca autorizzazione;IN ATTESA;IN ATTESA;NON NECESSARIO;;;NO;IN ATTESA;NOT STARTED
TR_0737;Manca autorizzazione;IN ATTESA;IN ATTESA;NON NECESSARIO;;;NO;IN ATTESA;NOT STARTED
TR_0738;Manca autorizzazione;IN ATTESA;IN ATTESA;NON NECESSARIO;;;NO;IN ATTESA;NOT STARTED
TR_0739;Manca autorizzazione;IN ATTESA;IN ATTESA;NON NECESSARIO;;;NO;IN ATTESA;NOT STARTED
TR_0740;Manca autorizzazione;IN ATTESA;IN ATTESA;NON NECESSARIO;;;NO;IN ATTESA;NOT STARTED
TR_0741;Manca autorizzazione;IN ATTESA;IN ATTESA;NON NECESSARIO;;;NO;IN ATTESA;NOT STARTED
TR_0742;Manca autorizzazione;IN ATTESA;IN ATTESA;NON NECESSARIO;;;NO;IN ATTESA;NOT STARTED
TR_0743;Manca autorizzazione;IN ATTESA;IN ATTESA;NON NECESSARIO;;;NO;IN ATTESA;NOT STARTED
TR_0744;Manca autorizzazione;IN ATTESA;IN ATTESA;NON NECESSARIO;;;NO;IN ATTESA;NOT STARTED
TR_0745;Manca autorizzazione;IN ATTESA;IN ATTESA;NON NECESSARIO;;;NO;IN ATTESA;NOT STARTED
TR_0746;Manca autorizzazione;IN ATTESA;IN ATTESA;NON NECESSARIO;;;NO;IN ATTESA;NOT STARTED
TR_0747;Manca autorizzazione;IN ATTESA;IN ATTESA;NON NECESSARIO;;;NO;IN ATTESA;NOT STARTED
TR_0748;Manca autorizzazione;IN ATTESA;IN ATTESA;NON NECESSARIO;;;NO;IN ATTESA;NOT STARTED
TR_0749;Manca autorizzazione;IN ATTESA;IN ATTESA;NON NECESSARIO;;;NO;IN ATTESA;NOT STARTED
TR_0750;Manca autorizzazione;IN ATTESA;IN ATTESA;NON NECESSARIO;;;NO;IN ATTESA;NOT STARTED
TR_0751;Manca autorizzazione;IN ATTESA;IN ATTESA;NON NECESSARIO;;;NO;IN ATTESA;NOT STARTED
TR_0752;Manca autorizzazione;IN ATTESA;IN ATTESA;NON NECESSARIO;;;NO;IN ATTESA;NOT STARTED
TR_0753;Manca autorizzazione;IN ATTESA;IN ATTESA;NON NECESSARIO;;;NO;IN ATTESA;NOT STARTED
TR_0754;Manca autorizzazione;IN ATTESA;IN ATTESA;NON NECESSARIO;;;NO;IN ATTESA;NOT STARTED
TR_0755;Manca autorizzazione;IN ATTESA;IN ATTESA;NON NECESSARIO;;;NO;IN ATTESA;NOT STARTED
TR_0756;Manca autorizzazione;IN ATTESA;IN ATTESA;NON NECESSARIO;;;NO;IN ATTESA;NOT STARTED
TR_0757;Manca autorizzazione;IN ATTESA;IN ATTESA;NON NECESSARIO;;;NO;IN ATTESA;NOT STARTED
TR_0758;Manca autorizzazione;IN ATTESA;IN ATTESA;NON NECESSARIO;;;NO;IN ATTESA;NOT STARTED
TR_0759;Manca autorizzazione;IN ATTESA;IN ATTESA;NON NECESSARIO;;;NO;IN ATTESA;NOT STARTED
TR_0760;Manca autorizzazione;IN ATTESA;IN ATTESA;NON NECESSARIO;;;NO;IN ATTESA;NOT STARTED
TR_0761;Manca autorizzazione;IN ATTESA;IN ATTESA;NON NECESSARIO;;;NO;IN ATTESA;NOT STARTED
TR_0762;Manca autorizzazione;IN ATTESA;IN ATTESA;NON NECESSARIO;;;NO;IN ATTESA;NOT STARTED
TR_0763;Manca autorizzazione;IN ATTESA;IN ATTESA;NON NECESSARIO;;;NO;IN ATTESA;NOT STARTED
TR_0764;Manca autorizz | Manca nulla osta;NECESSARIA INTEGRAZIONE;NECESSARIA INTEGRAZIONE;NON NECESSARIO;13/03/2026;AUT/2/1B | NO/4/1B;NO;NECESSARIA INTEGRAZIONE;ON GOING
TR_0766;Manca autorizz;NECESSARIA INTEGRAZIONE;NON NECESSARIO;NON NECESSARIO;13/03/2026;AUT/2/1B;NO;NECESSARIA INTEGRAZIONE;ON GOING
TR_0768;Manca autorizz;PROTOCOLLATO INTEGRAZIONE;NON NECESSARIO;NON NECESSARIO;23/03/2026;AUT/13/1A;NO;PROTOCOLLATO INTEGRAZIONE;ON GOING
;Manca autorizzazione;IN ATTESA;IN ATTESA;NON NECESSARIO;;;NO;IN ATTESA;NOT STARTED
TR_0770;Manca autorizzazione;IN ATTESA;IN ATTESA;NON NECESSARIO;;;NO;IN ATTESA;NOT STARTED
TR_0771;Manca autorizzazione;IN ATTESA;IN ATTESA;NON NECESSARIO;;;NO;IN ATTESA;NOT STARTED
TR_0772;Manca autorizzazione;IN ATTESA;IN ATTESA;NON NECESSARIO;;;NO;IN ATTESA;NOT STARTED
TR_0773;Manca autorizzazione;IN ATTESA;IN ATTESA;NON NECESSARIO;;;NO;IN ATTESA;NOT STARTED
TR_0774;Manca autorizzazione;IN ATTESA;IN ATTESA;NON NECESSARIO;;;NO;IN ATTESA;NOT STARTED
TR_0775;Manca autorizzazione;IN ATTESA;IN ATTESA;NON NECESSARIO;;;NO;IN ATTESA;NOT STARTED
TR_0776;Manca autorizzazione;IN ATTESA;IN ATTESA;NON NECESSARIO;;;NO;IN ATTESA;NOT STARTED
TR_0777;Manca autorizzazione;IN ATTESA;IN ATTESA;NON NECESSARIO;;;NO;IN ATTESA;NOT STARTED
TR_0778;Manca autorizzazione;IN ATTESA;IN ATTESA;NON NECESSARIO;;;NO;IN ATTESA;NOT STARTED
TR_0779;Manca autorizzazione;IN ATTESA;IN ATTESA;NON NECESSARIO;;;NO;IN ATTESA;NOT STARTED
TR_0780;Manca autorizzazione;IN ATTESA;IN ATTESA;NON NECESSARIO;;;NO;IN ATTESA;NOT STARTED
TR_0781;Manca autorizzazione;IN ATTESA;IN ATTESA;NON NECESSARIO;;;NO;IN ATTESA;NOT STARTED
TR_0782;Manca autorizzazione;IN ATTESA;IN ATTESA;NON NECESSARIO;;;NO;IN ATTESA;NOT STARTED
TR_0783;Manca autorizzazione;IN ATTESA;IN ATTESA;NON NECESSARIO;;;NO;IN ATTESA;NOT STARTED
TR_0784;Manca autorizzazione;IN ATTESA;IN ATTESA;NON NECESSARIO;;;NO;IN ATTESA;NOT STARTED
TR_0785;Manca autorizzazione;IN ATTESA;IN ATTESA;NON NECESSARIO;;;NO;IN ATTESA;NOT STARTED
TR_0786;Manca autorizzazione;IN ATTESA;IN ATTESA;NON NECESSARIO;;;NO;IN ATTESA;NOT STARTED
TR_0787;Manca autorizzazione;IN ATTESA;IN ATTESA;NON NECESSARIO;;;NO;IN ATTESA;NOT STARTED
TR_0788;Manca autorizzazione;IN ATTESA;IN ATTESA;NON NECESSARIO;;;NO;IN ATTESA;NOT STARTED
TR_0789;Manca autorizzazione;IN ATTESA;IN ATTESA;NON NECESSARIO;;;NO;IN ATTESA;NOT STARTED
TR_0790;Manca autorizzazione;IN ATTESA;IN ATTESA;NON NECESSARIO;;;NO;IN ATTESA;NOT STARTED
TR_0791;Manca autorizzazione;IN ATTESA;IN ATTESA;NON NECESSARIO;;;NO;IN ATTESA;NOT STARTED
TR_0792;Manca autorizzazione;IN ATTESA;IN ATTESA;NON NECESSARIO;;;NO;IN ATTESA;NOT STARTED
TR_0793;Manca autorizz;PROTOCOLLATO INTEGRAZIONE;NON NECESSARIO;NON NECESSARIO;;AUT/11/2B;NO;PROTOCOLLATO INTEGRAZIONE;ON GOING
TR_0794;;OTTENUTO;NON NECESSARIO;NON NECESSARIO;24/03/2026;AUT/2/2B;SI;OTTENUTO;APPROVAL
TR_0795;Manca autorizzazione;IN ATTESA;IN ATTESA;NON NECESSARIO;;;NO;IN ATTESA;NOT STARTED
TR_0796;Manca autorizz;PROTOCOLLATO;NON NECESSARIO;NON NECESSARIO;27/03/2026;AUT/20/1A;NO;PROTOCOLLATO;ON GOING
TR_0797;Manca autorizzazione;IN ATTESA;IN ATTESA;NON NECESSARIO;;;NO;IN ATTESA;NOT STARTED
TR_0798;Manca autorizz;PROTOCOLLATO INTEGRAZIONE;NON NECESSARIO;NON NECESSARIO;05/03/2026;AUT/1/1B;NO;PROTOCOLLATO INTEGRAZIONE;DENIED
TR_0799;Manca autorizzazione;IN ATTESA;IN ATTESA;NON NECESSARIO;;;NO;IN ATTESA;NOT STARTED
TR_0800;Manca autorizz | Manca nulla osta;PROTOCOLLATO;PROTOCOLLATO INTEGRAZIONE;NON NECESSARIO;13/05/2026;AUT/24/1A | NO/21/1A;NO;PROTOCOLLATO;ON GOING
TR_0801;Manca autorizz;PROTOCOLLATO;NON NECESSARIO;NON NECESSARIO;13/05/2026;AUT/24/1A;NO;PROTOCOLLATO;ON GOING
TR_0802;Manca autorizzazione;IN ATTESA;IN ATTESA;NON NECESSARIO;;;NO;IN ATTESA;NOT STARTED
TR_0803;Manca autorizzazione;IN ATTESA;IN ATTESA;NON NECESSARIO;;;NO;IN ATTESA;NOT STARTED
TR_0804;Manca autorizzazione;IN ATTESA;IN ATTESA;NON NECESSARIO;;;NO;IN ATTESA;NOT STARTED
TR_0805;Manca autorizzazione;IN ATTESA;IN ATTESA;NON NECESSARIO;;;NO;IN ATTESA;NOT STARTED
TR_0806;Manca autorizzazione;IN ATTESA;IN ATTESA;NON NECESSARIO;;;NO;IN ATTESA;NOT STARTED
TR_0807;Manca autorizzazione;IN ATTESA;IN ATTESA;NON NECESSARIO;;;NO;IN ATTESA;NOT STARTED
TR_0808;Manca autorizzazione;IN ATTESA;IN ATTESA;NON NECESSARIO;;;NO;IN ATTESA;NOT STARTED
TR_0810;Manca nulla osta;OTTENUTO;INVIATO;NON NECESSARIO;;AUT/2/2B | NO/6/2B;NO;OTTENUTO;APPROVAL
TR_0811;Manca autorizz;PROTOCOLLATO INTEGRAZIONE;NON NECESSARIO;NON NECESSARIO;30/03/2026;AUT/10/2B;NO;PROTOCOLLATO INTEGRAZIONE;ON GOING
TR_0812;Manca autorizzazione;IN ATTESA;IN ATTESA;NON NECESSARIO;;;NO;IN ATTESA;NOT STARTED
TR_0813;Manca autorizz;NECESSARIA INTEGRAZIONE;NON NECESSARIO;NON NECESSARIO;;AUT/1/1A;NO;NECESSARIA INTEGRAZIONE;ON GOING
TR_0814;Manca autorizz;NECESSARIA INTEGRAZIONE;NON NECESSARIO;NON NECESSARIO;24/03/2026;AUT/3/1A;NO;NECESSARIA INTEGRAZIONE;ON GOING
TR_0815;Manca autorizz;PROTOCOLLATO INTEGRAZIONE;NON NECESSARIO;NON NECESSARIO;17/03/2026;AUT/1/2A;NO;PROTOCOLLATO INTEGRAZIONE;ON GOING
TR_0816;Manca autorizz | Manca nulla osta;PROTOCOLLATO;PROTOCOLLATO;NON NECESSARIO;27/03/2026;AUT/20/1A | NO/16/1A;NO;PROTOCOLLATO;ON GOING
TR_0817;Manca autorizz;PROTOCOLLATO;NON NECESSARIO;NON NECESSARIO;27/03/2026;AUT/20/1A;NO;PROTOCOLLATO;ON GOING
TR_0818;Manca autorizz | Manca nulla osta;PROTOCOLLATO INTEGRAZIONE;IN REDAZIONE;NON NECESSARIO;27/04/2026;AUT/11/2A | NO/12/2A;NO;PROTOCOLLATO INTEGRAZIONE;ON GOING
